#,# focal,Autor,Horario,Fecha,Hora amanecer,Latencia,Clima,EspecieFicus,Arbol_ID,Muerdago,Densidad_follaje,Repeticion,Fases,% SF,% FI,% FC,% FMD,% FME,%FMF,Disp_figs,Presencia Arboles con Frutos,Temporada migratoria,Hora inicio,Hora final,duracion en seg,Duracion_seg,Residencia ave focal,Dieta,Familia ave focal,Genero ave focal,Especie ave focal,Nombre cientifico,Obtencion del alimento,Sitio de forrajeo,Alimento obtenido de epifita/muerdago,Alimento,Maniobra,Residencia de aves en el arbol durante el focal,Num_aves,Presencia Animales Domesticos
1,2,RY,1,6/1/2022,7:03,0:01:40,0,elastica,E01,0,45,FM1,FM,20,10,30,40,0,0,3,1,si,7:26:53,7:27:04,0:00:11,11,RE,in,Tyrannidae,Pitangus,sulphuratus,Pitangus sulphuratus,PER,CIN,,FM,TRA,RE,7,no
2,3,RY,1,6/1/2022,7:03,0:09:27,0,elastica,E01,0,45,FM1,FM,20,10,30,40,0,0,3,1,si,7:36:31,7:36:41,0:00:10,10,RE,in,Tyrannidae,Myiozetetes,similis,Myiozetetes similis,AER,CIN,,FM,SAL,RE,5,si
3,6,RY,2,8/1/2022,7:04,0:13:43,1,Tuerckheimii,T06,0,25,FM1,FM,5,0,0,0,5,90,4,2,si,8:15:16,8:15:33,0:00:17,17,RE,in,Troglodytidae,Campylorhynchus,zonatus,Campylorhynchus zonatus,PER,CIN,,BUG,TRA,RE,6,no
4,7,RY,2,8/1/2022,7:04,0:02:26,1,Tuerckheimii,T06,0,25,FM1,FM,5,0,0,0,5,90,4,2,si,8:17:59,8:18:12,0:00:13,13,RE,in,Troglodytidae,Campylorhynchus,zonatus,Campylorhynchus zonatus,PER,CSU,EPI,BUG,TRA,RE,4,no
5,8,RY,2,8/1/2022,7:04,0:29:14,1,Tuerckheimii,T06,0,25,FM1,FM,5,0,0,0,5,90,4,2,si,8:47:26,8:47:46,0:00:20,20,RE,in,Tyrannidae,Pitangus,sulphuratus,Pitangus sulphuratus,PER,CSU,,FM,TRA,RE,2,no
6,9,RY,2,8/1/2022,7:04,0:06:56,1,Tuerckheimii,T06,0,25,FM1,FM,5,0,0,0,5,90,4,2,si,8:54:42,8:55:15,0:00:33,33,MI,in,Polioptilidae,Polioptila,caerulea,Polioptila caerulea,AER,CSU,,BUG,SAL,RE,3,no
7,10,RY,2,8/1/2022,7:04,0:08:24,1,Tuerckheimii,T06,0,25,FM1,FM,5,0,0,0,5,90,4,2,si,9:03:39,9:04:10,0:00:31,31,MI,in,Polioptilidae,Polioptila,caerulea,Polioptila caerulea,AER,CSU,,BUG,SAL,RE,3,no
8,11,RY,3,8/1/2022,7:04,0:21:23,1,Tuerckheimii,T06,0,25,FM1,FM,5,0,0,0,5,90,4,2,si,9:25:33,9:26:18,0:00:45,45,RE,in,Troglodytidae,Campylorhynchus,zonatus,Campylorhynchus zonatus,PER,CIN,EPI,BUG,TRA,RE,3,no
9,1,RY,3,11/1/2022,7:04,2:08:35,3,Tuerckheimii,T05,2,25,SF1,SF,100,0,0,0,0,0,0,1,si,9:12:35,9:12:57,0:00:22,22,RE,in,Picidae,Melanerpes,aurifrons,Melanerpes aurifrons,PER,CIN,EPI,BUG,TRA,SA,0,no
10,2,RY,4,11/1/2022,7:04,1:21:36,3,Tuerckheimii,T05,2,25,SF1,SF,100,0,0,0,0,0,0,1,si,10:34:33,10:35:05,0:00:32,32,MI,in,Parulidae,Setophaga ,virens,Setophaga  virens,AER,CSU,EPI,BUG,SAL,MI,1,no
11,4,RY,3,1/17/2022,7:05,1:35:29,3,Tuerckheimii,T07,0,35,FI1,FI,0,95,0,0,0,5,1,0,si,9:50:21,9:50:37,0:00:16,16,MI,in,Parulidae,Setophaga,dominica,Setophaga dominica,AER,CIN,,BUG,SAL,SA,0,no
12,1,RY,3,1/18/2022,7:05,2:36:53,1,Tuerckheimii,T04,0,35,SF1,SF,65,25,0,0,0,10,0,0,si,9:41:53,9:42:13,0:00:20,20,MI,in,Parulidae,Cardellina,pusilla,Cardellina pusilla,AER,CME,,BUG,SAL,SA,0,no
13,2,RY,3,1/18/2022,7:05,0:05:36,1,Tuerckheimii,T04,0,35,SF1,SF,65,25,0,0,0,10,0,0,si,9:47:49,9:48:04,0:00:15,15,MI,in,Parulidae,Setophaga,dominica,Setophaga dominica,AER,CIN,,BUG,SAL,MI,3,no
14,3,RY,3,1/18/2022,7:05,0:04:34,1,Tuerckheimii,T04,0,35,SF1,SF,65,25,0,0,0,10,0,0,si,9:52:38,9:52:51,0:00:13,13,MI,in,Vireonidae,Vireo,solitarius,Vireo solitarius,AER,CIN,,BUG,SAL,MI,3,no
15,4,RY,3,1/18/2022,7:05,0:05:35,1,Tuerckheimii,T04,0,35,SF1,SF,65,25,0,0,0,10,0,0,si,9:58:26,9:58:49,0:00:23,23,RE,in,Vireonidae,Vireo,griseus,Vireo griseus,AER,CIN,,BUG,SAL,MI,2,no
16,3,RY,1,1/19/2022,7:05,0:02:12,0,elastica,E06,0,25,FI1,FI,0,70,15,15,0,0,4,0,si,7:26:26,7:26:50,0:00:24,24,MI,in,Parulidae,Cardellina,pusilla,Cardellina pusilla,AER,CSU,,BUG,SAL,MI,1,no
17,5,RY,2,1/20/2022,7:05,0:01:23,1,elastica,E14,1,35,FI1,FI,0,100,0,0,0,0,3,0,si,8:09:24,8:09:37,0:00:13,13,MI,in,Parulidae,Cardellina,pusilla,Cardellina pusilla,AER,CSU,,BUG,SAL,RE,4,no
18,1,RY,1,1/25/2022,7:04,0:41:27,0,elastica,E02,0,35,SF1,SF,80,10,0,10,0,0,1,0,si,7:45:27,7:45:49,0:00:22,22,MI,in,Parulidae,Cardellina,pusilla,Cardellina pusilla,AER,CSU,,BUG,SAL,SA,0,si
19,2,RY,1,1/25/2022,7:04,0:07:32,0,elastica,E02,0,35,SF1,SF,80,10,0,10,0,0,1,0,si,7:53:21,7:53:37,0:00:16,16,MI,in,Parulidae,Setophaga ,virens,Setophaga  virens,AER,CSU,,BUG,SAL,MI,1,si
20,1,RY,1,1/30/2022,7:03,0:18:16,1,elastica,E11,0,5,FI1,FI,0,100,0,0,0,0,1,0,si,7:21:16,7:21:21,0:00:05,5,RE,in,Tyrannidae,Megarynchus,pitangua,Megarynchus pitangua,AER,CSU,,FI,SAL,RE,1,no
21,2,RY,1,2/2/2022,7:02,0:22:42,0,Tuerckheimii,T03,1,65,FI1,FI,0,100,0,0,0,0,4,0,si,7:53:09,7:53:34,0:00:25,25,MI,in,Parulidae,Cardellina,pusilla,Cardellina pusilla,AER,CIN,,BUG,SAL,RE,3,si
22,4,RY,2,2/2/2022,7:02,0:23:51,0,Tuerckheimii,T03,1,65,FI1,FI,0,100,0,0,0,0,4,0,si,8:23:04,8:23:29,0:00:25,25,MI,in,Vireonidae,Vireo,solitarius,Vireo solitarius,AER,CSU,,BUG,SAL,RE,3,si
23,5,RY,2,2/2/2022,7:02,0:05:02,0,Tuerckheimii,T03,1,65,FI1,FI,0,100,0,0,0,0,4,0,si,8:28:31,8:28:50,0:00:19,19,MI,in,Vireonidae,Vireo,solitarius,Vireo solitarius,AER,CSU,,BUG,SAL,MI,3,si
24,7,RY,2,2/2/2022,7:02,0:02:43,0,Tuerckheimii,T03,1,65,FI1,FI,0,100,0,0,0,0,4,0,si,8:50:05,8:50:26,0:00:21,21,MI,in,Parulidae,Cardellina,pusilla,Cardellina pusilla,AER,CIN,,BUG,SAL,RE,5,si
25,1,RY,1,3/2/2022,7:02,0:25:22,0,elastica,E03,0,25,SF1,SF,90,5,5,0,0,0,0,3,si,7:27:22,7:27:44,0:00:22,22,MI,in,Parulidae,Cardellina,pusilla,Cardellina pusilla,AER,CIN,,BUG,SAL,RE,4,si
26,4,RY,1,3/2/2022,7:02,0:00:14,0,elastica,E03,0,25,SF1,SF,90,5,5,0,0,0,0,3,si,7:57:08,7:57:19,0:00:11,11,RE,in,Tyrannidae,Megarynchus,pitangua,Megarynchus pitangua,PER,CME,,FM,TRA,RE,2,si
27,7,RY,3,3/2/2022,7:02,0:57:15,0,elastica,E03,0,25,SF1,SF,90,5,5,0,0,0,0,3,si,9:06:13,9:06:27,0:00:14,14,MI,in,Parulidae,Setophaga ,virens,Setophaga  virens,AER,CIN,,BUG,SAL,SA,0,si
28,9,RY,4,3/2/2022,7:02,0:26:18,0,elastica,E03,0,25,SF1,SF,90,5,5,0,0,0,0,3,si,10:08:42,10:09:03,0:00:21,21,RE,in,Tyrannidae,Megarynchus,pitangua,Megarynchus pitangua,AER,CIN,,BUG,SAL,RE,1,si
29,1,RY,1,7/2/2022,7:00,0:38:57,3,elastica,E04,0,65,FI1,FI,0,90,5,5,0,0,3,0,si,7:38:57,7:39:12,0:00:15,15,MI,in,Parulidae,Cardellina,pusilla,Cardellina pusilla,AER,CSU,,BUG,SAL,RE,1,no
30,4,RY,2,7/2/2022,7:00,0:21:39,3,elastica,E04,0,65,FI1,FI,0,90,5,5,0,0,3,0,si,8:03:37,8:03:52,0:00:15,15,RE,in,Tyrannidae,Myiozetetes,similis,Myiozetetes similis,PER,CSU,,FM,TRA,RE,3,no
31,5,RY,2,7/2/2022,7:00,0:00:49,3,elastica,E04,0,65,FI1,FI,0,90,5,5,0,0,3,0,si,8:04:41,8:04:51,0:00:10,10,RE,in,Tyrannidae,Myiozetetes,similis,Myiozetetes similis,PER,CSU,,FM,TRA,RE,2,no
32,1,RY,1,2/16/2022,6:56,0:58:24,0,Tuerckheimii,T10,1,35,FM1,FM,20,0,0,0,0,80,3,1,si,7:54:24,7:54:37,0:00:13,13,MI,in,Vireonidae,Vireo,solitarius,Vireo solitarius,AER,CSU,,BUG,SAL,RE,2,no
33,2,RY,1,2/16/2022,6:56,0:00:12,0,Tuerckheimii,T10,1,35,FM1,FM,20,0,0,0,0,80,3,1,si,7:54:49,7:55:06,0:00:17,17,MI,in,Vireonidae,Vireo,solitarius,Vireo solitarius,AER,CIN,,BUG,SAL,RE,2,no
34,3,RY,2,2/16/2022,6:56,0:25:07,0,Tuerckheimii,T10,1,35,FM1,FM,20,0,0,0,0,80,3,1,si,8:20:13,8:20:34,0:00:21,21,MI,in,Icteridae,Icterus,galbula,Icterus galbula,PER,CSU,,FM,ESP,RE,5,no
35,5,RY,2,2/16/2022,6:56,0:05:53,0,Tuerckheimii,T10,1,35,FM1,FM,20,0,0,0,0,80,3,1,si,8:31:36,8:31:54,0:00:18,18,MI,in,Parulidae,Setophaga ,virens,Setophaga  virens,AER,CSU,,BUG,SAL,RE,5,no
36,6,RY,2,2/16/2022,6:56,0:05:20,0,Tuerckheimii,T10,1,35,FM1,FM,20,0,0,0,0,80,3,1,si,8:37:14,8:37:24,0:00:10,10,RE,in,Vireonidae,Vireo,griseus,Vireo griseus,AER,CSU,,BUG,SAL,RE,5,no
37,7,RY,4,2/16/2022,6:56,2:13:22,0,Tuerckheimii,T10,1,35,FM1,FM,20,0,0,0,0,80,3,1,si,10:50:46,10:50:57,0:00:11,11,RE,in,Vireonidae,Vireo,griseus,Vireo griseus,AER,CIN,,BUG,SAL,RE,1,no
38,2,RY,3,2/17/2022,6:55,2:05:39,0,elastica,E11,0,5,SF1,SF,95,5,0,0,0,0,0,0,si,9:00:39,9:00:51,0:00:12,12,RE,in,Tyrannidae,Megarynchus,pitangua,Megarynchus pitangua,AER,CIN,,BUG,SAL,RE,2,no
39,1,RY,1,2/21/2022,6:53,0:26:35,0,Tuerckheimii,T12,1,35,SF1,SF,90,5,0,0,0,5,1,0,si,7:19:35,7:19:48,0:00:13,13,MI,in,Polioptilidae,Polioptila,caerulea,Polioptila caerulea,AER,CSU,,BUG,SAL,MI,4,si
40,2,RY,1,2/21/2022,6:53,0:00:17,0,Tuerckheimii,T12,1,35,SF1,SF,90,5,0,0,0,5,1,0,si,7:20:05,7:20:21,0:00:16,16,MI,in,Parulidae,Cardellina,pusilla,Cardellina pusilla,AER,CME,,BUG,SAL,MI,4,si
41,3,RY,1,2/21/2022,6:53,0:01:55,0,Tuerckheimii,T12,1,35,SF1,SF,90,5,0,0,0,5,1,0,si,7:22:16,7:22:27,0:00:11,11,MI,in,Parulidae,Setophaga ,virens,Setophaga  virens,AER,CSU,,BUG,SAL,RE,4,si
42,4,RY,1,2/21/2022,6:53,0:00:39,0,Tuerckheimii,T12,1,35,SF1,SF,90,5,0,0,0,5,1,0,si,7:23:06,7:23:16,0:00:10,10,MI,in,Parulidae,Setophaga ,virens,Setophaga  virens,AER,CIN,,BUG,SAL,MI,3,si
43,5,RY,1,2/21/2022,6:53,0:03:21,0,Tuerckheimii,T12,1,35,SF1,SF,90,5,0,0,0,5,1,0,si,7:26:37,7:26:47,0:00:10,10,MI,in,Parulidae,Leiothlypis,celata,Leiothlypis celata,AER,CIN,,BUG,SAL,MI,3,si
44,6,RY,1,2/21/2022,6:53,0:18:12,0,Tuerckheimii,T12,1,35,SF1,SF,90,5,0,0,0,5,1,0,si,7:44:59,7:45:11,0:00:12,12,MI,in,Parulidae,Cardellina,pusilla,Cardellina pusilla,AER,CIN,,BUG,SAL,RE,5,si
45,8,RY,2,2/21/2022,6:53,0:53:20,0,Tuerckheimii,T12,1,35,SF1,SF,90,5,0,0,0,5,1,0,si,8:39:20,8:39:24,0:00:04,4,MI,in,Parulidae,Leiothlypis,celata,Leiothlypis celata,AER,CME,,BUG,SAL,RE,3,si
46,9,RY,2,2/21/2022,6:53,0:10:09,0,Tuerckheimii,T12,1,35,SF1,SF,90,5,0,0,0,5,1,0,si,8:49:33,8:49:59,0:00:26,26,RE,in,Troglodytidae,Campylorhynchus,zonatus,Campylorhynchus zonatus,PER,CME,EPI,BUG,TRA,RE,4,si
47,10,RY,2,2/21/2022,6:53,0:08:28,0,Tuerckheimii,T12,1,35,SF1,SF,90,5,0,0,0,5,1,0,si,8:58:27,8:58:37,0:00:10,10,RE,in,Troglodytidae,Campylorhynchus,zonatus,Campylorhynchus zonatus,PER,CME,EPI,BUG,TRA,RE,4,si
48,12,RY,4,2/21/2022,6:53,0:06:43,2,Tuerckheimii,T12,1,35,SF1,SF,90,5,0,0,0,5,1,0,si,10:11:35,10:11:50,0:00:15,15,MI,in,Vireonidae,Vireo,solitarius,Vireo solitarius,AER,CSU,,BUG,SAL,RE,2,si
49,13,RY,4,2/21/2022,6:53,0:10:30,2,Tuerckheimii,T12,1,35,SF1,SF,90,5,0,0,0,5,1,0,si,10:22:20,10:22:43,0:00:23,23,MI,in,Parulidae,Setophaga ,virens,Setophaga  virens,AER,CIN,,BUG,SAL,RE,2,si
50,2,RY,1,2/22/2022,6:52,0:02:40,0,elastica,E05,1,65,SF1,SF,80,0,0,20,0,0,1,1,si,7:13:59,7:14:12,0:00:13,13,MI,in,Polioptilidae,Polioptila,caerulea,Polioptila caerulea,AER,CSU,,BUG,SAL,RE,6,no
51,3,RY,1,2/22/2022,6:52,0:01:02,0,elastica,E05,1,65,SF1,SF,80,0,0,20,0,0,1,1,si,7:15:14,7:15:24,0:00:10,10,RE,in,Tyrannidae,Pitangus,sulphuratus,Pitangus sulphuratus,AER,CIN,,FM,SAL,RE,6,no
52,4,RY,1,2/22/2022,6:52,0:02:54,0,elastica,E05,1,65,SF1,SF,80,0,0,20,0,0,1,1,si,7:18:18,7:18:37,0:00:19,19,RE,in,Picidae,Melanerpes,aurifrons,Melanerpes aurifrons,PER,CIN,,FM,ESP,RE,10,no
53,5,RY,1,2/22/2022,6:52,0:06:07,0,elastica,E05,1,65,SF1,SF,80,0,0,20,0,0,1,1,si,7:24:44,7:24:55,0:00:11,11,MI,in,Vireonidae,Vireo,solitarius,Vireo solitarius,AER,CME,,BUG,SAL,RE,7,no
54,6,RY,1,2/22/2022,6:52,0:03:41,0,elastica,E05,1,65,SF1,SF,80,0,0,20,0,0,1,1,si,7:28:36,7:28:45,0:00:09,9,MI,in,Parulidae,Setophaga ,virens,Setophaga  virens,AER,CSU,,BUG,SAL,RE,14,no
55,7,RY,1,2/22/2022,6:52,0:01:52,0,elastica,E05,1,65,SF1,SF,80,0,0,20,0,0,1,1,si,7:30:37,7:30:49,0:00:12,12,MI,in,Parulidae,Cardellina,pusilla,Cardellina pusilla,AER,CSU,,BUG,SAL,RE,10,no
56,8,RY,1,2/22/2022,6:52,0:06:44,0,elastica,E05,1,65,SF1,SF,80,0,0,20,0,0,1,1,si,7:37:33,7:37:43,0:00:10,10,MI,in,Parulidae,Cardellina,pusilla,Cardellina pusilla,AER,CIN,,BUG,SAL,RE,11,no
57,11,RY,1,2/22/2022,6:52,0:02:15,0,elastica,E05,1,65,SF1,SF,80,0,0,20,0,0,1,1,si,7:42:50,7:42:59,0:00:09,9,RE,in,Tyrannidae,Pitangus,sulphuratus,Pitangus sulphuratus,AER,CIN,,FM,SAL,RE,15,no
58,16,RY,2,2/22/2022,6:52,0:27:57,0,elastica,E05,1,65,SF1,SF,80,0,0,20,0,0,1,1,si,8:33:56,8:34:01,0:00:05,5,RE,in,Tyrannidae,Pitangus,sulphuratus,Pitangus sulphuratus,AER,CIN,,FM,SAL,RE,3,no
59,18,RY,3,2/22/2022,6:52,0:13:33,0,elastica,E05,1,65,SF1,SF,80,0,0,20,0,0,1,1,si,9:03:06,9:03:19,0:00:13,13,MI,in,Parulidae,Leiothlypis,celata,Leiothlypis celata,AER,CSU,,BUG,SAL,RE,2,no
60,4,RY,2,3/3/2022,6:46,0:48:36,0,elastica,E08,1,25,SF1,SF,75,15,5,5,0,0,1,3,si,8:11:30,8:11:46,0:00:16,16,MI,in,Parulidae,Cardellina,pusilla,Cardellina pusilla,AER,CSU,,BUG,SAL,RE,3,no
61,1,RY,1,5/3/2022,6:44,0:11:50,0,elastica,E10,1,35,FI1,FI,FI,70,0,15,15,0,3,3,si,6:55:50,6:56:08,0:00:18,18,MI,in,Vireonidae,Vireo,solitarius,Vireo solitarius,AER,CSU,,BUG,SAL,MI,2,si
62,10,RY,2,5/3/2022,6:44,0:19:23,0,elastica,E10,1,35,FI1,FI,FI,70,0,15,15,0,3,3,si,8:29:54,8:30:01,0:00:07,7,RE,in,Tyrannidae,Megarynchus,pitangua,Megarynchus pitangua,AER,CIN,,FM,SAL,RE,8,si
63,12,RY,2,5/3/2022,6:44,0:02:08,0,elastica,E10,1,35,FI1,FI,FI,70,0,15,15,0,3,3,si,8:36:42,8:36:58,0:00:16,16,RE,in,Picidae,Melanerpes,aurifrons,Melanerpes aurifrons,PER,CME,,FI,ESP,RE,2,si
64,14,RY,2,5/3/2022,6:44,0:03:30,0,elastica,E10,1,35,FI1,FI,FI,70,0,15,15,0,3,3,si,8:41:04,8:41:15,0:00:11,11,MI,in,Parulidae,Cardellina,pusilla,Cardellina pusilla,AER,CIN,,BUG,SAL,RE,2,si
65,5,RY,1,6/3/2022,6:43,0:00:19,0,Tuerckheimii,T09,0,15,FM1,FM,0,0,0,10,10,80,4,1,si,6:55:45,6:55:56,0.000127315,11,MI,in,Polioptilidae,Polioptila,caerulea,Polioptila caerulea,AER,CSU,,BUG,SAL,RE,4,no
66,6,RY,1,6/3/2022,6:43,0:00:54,0,Tuerckheimii,T09,0,15,FM1,FM,0,0,0,10,10,80,4,1,si,6:56:50,6:57:07,0.000196759,17,MI,in,Parulidae,Cardellina,pusilla,Cardellina pusilla,AER,CIN,,BUG,SAL,RE,5,no
67,9,RY,1,6/3/2022,6:43,0:02:09,0,Tuerckheimii,T09,0,15,FM1,FM,0,0,0,10,10,80,4,1,si,7:04:50,7:04:58,9.26E-05,8,MI,in,Vireonidae,Vireo,solitarius,Vireo solitarius,AER,CSU,,BUG,SAL,RE,9,no
68,13,RY,1,6/3/2022,6:43,0:00:48,0,Tuerckheimii,T09,0,15,FM1,FM,0,0,0,10,10,80,4,1,si,7:11:07,7:11:16,0.000104167,9,RE,in,Troglodytidae,Campylorhynchus,zonatus,Campylorhynchus zonatus,PER,CIN,,BUG,TRA,RE,15,no
69,14,RY,1,6/3/2022,6:43,0:00:41,0,Tuerckheimii,T09,0,15,FM1,FM,0,0,0,10,10,80,4,1,si,7:11:57,7:12:07,0.000115741,10,RE,in,Troglodytidae,Campylorhynchus,zonatus,Campylorhynchus zonatus,PER,CIN,,BUG,TRA,RE,15,no
70,16,RY,1,6/3/2022,6:43,0:10:56,0,Tuerckheimii,T09,0,15,FM1,FM,0,0,0,10,10,80,4,1,si,7:25:27,7:25:37,0.000115741,10,MI,in,Polioptilidae,Polioptila,caerulea,Polioptila caerulea,AER,CIN,,BUG,SAL,RE,11,no
71,18,RY,1,6/3/2022,6:43,0:00:08,0,Tuerckheimii,T09,0,15,FM1,FM,0,0,0,10,10,80,4,1,si,7:35:58,7:39:12,0.00224537,194,MI,in,Parulidae,Setophaga,dominica,Setophaga dominica,AER,CME,,BUG,SAL,RE,15,no
72,20,RY,2,6/3/2022,6:43,0:05:57,0,Tuerckheimii,T09,0,15,FM1,FM,0,0,0,10,10,80,4,1,si,7:46:18,7:46:30,0.000138889,12,RE,in,Troglodytidae,Campylorhynchus,zonatus,Campylorhynchus zonatus,PER,CSU,,BUG,TRA,RE,12,no
73,21,RY,2,6/3/2022,6:43,0:01:20,0,Tuerckheimii,T09,0,15,FM1,FM,0,0,0,10,10,80,4,1,si,7:47:50,7:49:27,0.001122685,97,RE,in,Picidae,Melanerpes,aurifrons,Melanerpes aurifrons,PER,CIN,,FM,ESP,RE,12,no
74,23,RY,2,6/3/2022,6:43,0:00:52,0,Tuerckheimii,T09,0,15,FM1,FM,0,0,0,10,10,80,4,1,si,7:53:11,7:53:33,0.00025463,22,RE,in,Tyrannidae,Myiozetetes,similis,Myiozetetes similis,AER,CME,EPI,OTROS,SAL,RE,17,no
75,24,RY,2,6/3/2022,6:43,0:00:34,0,Tuerckheimii,T09,0,15,FM1,FM,0,0,0,10,10,80,4,1,si,7:54:07,7:54:21,0.000162037,14,MI,in,Icteridae,Icterus,galbula,Icterus galbula,PER,CME,,BUG,TRA,RE,17,no
76,26,RY,2,6/3/2022,6:43,0:09:01,0,Tuerckheimii,T09,0,15,FM1,FM,0,0,0,10,10,80,4,1,si,8:05:09,8:05:38,0.000335648,29,MI,in,Parulidae,Cardellina,pusilla,Cardellina pusilla,AER,CIN,,BUG,SAL,RE,9,no
77,27,RY,2,6/3/2022,6:43,0:06:19,0,Tuerckheimii,T09,0,15,FM1,FM,0,0,0,10,10,80,4,1,si,8:11:57,8:12:14,0.000196759,17,MI,in,Parulidae,Setophaga,dominica,Setophaga dominica,AER,CIN,,BUG,SAL,RE,10,no
78,32,RY,3,6/3/2022,6:43,0:06:32,0,Tuerckheimii,T09,0,15,FM1,FM,0,0,0,10,10,80,4,1,si,9:05:12,9:05:19,8.10E-05,7,RE,in,Troglodytidae,Campylorhynchus,zonatus,Campylorhynchus zonatus,PER,CIN,,BUG,TRA,RE,7,no
79,34,RY,3,6/3/2022,6:43,0:02:58,0,Tuerckheimii,T09,0,15,FM1,FM,0,0,0,10,10,80,4,1,si,9:24:37,9:24:45,9.26E-05,8,MI,in,Vireonidae,Vireo,solitarius,Vireo solitarius,AER,CIN,,BUG,SAL,RE,4,no
80,36,RY,3,6/3/2022,6:43,0:03:04,0,Tuerckheimii,T09,0,15,FM1,FM,0,0,0,10,10,80,4,1,si,9:32:10,9:32:24,0.000162037,14,MI,in,Icteridae,Icterus,galbula,Icterus galbula,PER,CIN,,FM,ESP,RE,9,no
81,1,RY,1,7/3/2022,6:42,0:19:46,0,Tuerckheimii,T13,1,45,FI1,FI,5,95,0,0,0,0,4,0,si,7:01:46,7:02:07,0.000243056,21,MI,in,Parulidae,Cardellina,pusilla,Cardellina pusilla,AER,CIN,,BUG,SAL,SA,0,no
82,4,RY,2,7/3/2022,6:42,0:02:49,0,Tuerckheimii,T13,1,45,FI1,FI,5,95,0,0,0,0,4,0,si,7:47:25,7:47:38,0.000150463,13,RE,in,Tyrannidae,Myiozetetes,similis,Myiozetetes similis,AER,CSU,,BUG,SAL,MI,1,no
83,5,RY,2,7/3/2022,6:42,0:01:15,0,Tuerckheimii,T13,1,45,FI1,FI,5,95,0,0,0,0,4,0,si,7:48:53,7:49:06,0.000150463,13,RE,in,Tyrannidae,Myiozetetes,similis,Myiozetetes similis,AER,CSU,,BUG,SAL,RE,2,no
84,6,RY,2,7/3/2022,6:42,0:00:53,0,Tuerckheimii,T13,1,45,FI1,FI,5,95,0,0,0,0,4,0,si,7:49:59,7:50:11,0.000138889,12,RE,in,Tyrannidae,Myiozetetes,similis,Myiozetetes similis,AER,CME,,BUG,SAL,RE,3,no
85,9,RY,2,7/3/2022,6:42,0:05:07,0,Tuerckheimii,T13,1,45,FI1,FI,5,95,0,0,0,0,4,0,si,8:01:59,8:02:05,6.94E-05,6,MI,in,Polioptilidae,Polioptila,caerulea,Polioptila caerulea,AER,CIN,,BUG,SAL,RE,8,no
86,11,RY,2,7/3/2022,6:42,0:05:19,0,Tuerckheimii,T13,1,45,FI1,FI,5,95,0,0,0,0,4,0,si,8:08:42,8:08:54,0.000138889,12,RE,in,Tyrannidae,Pitangus,sulphuratus,Pitangus sulphuratus,AER,CME,,BUG,SAL,RE,15,no
87,15,RY,2,7/3/2022,6:42,0:01:08,0,Tuerckheimii,T13,1,45,FI1,FI,5,95,0,0,0,0,4,0,si,8:14:35,8:14:41,6.94E-05,6,RE,in,Tyrannidae,Pitangus,sulphuratus,Pitangus sulphuratus,AER,CSU,,BUG,SAL,RE,20,no
88,16,RY,2,7/3/2022,6:42,0:00:11,0,Tuerckheimii,T13,1,45,FI1,FI,5,95,0,0,0,0,4,0,si,8:14:52,8:15:00,9.26E-05,8,RE,in,Tyrannidae,Myiozetetes,similis,Myiozetetes similis,AER,CME,,BUG,SAL,RE,20,no
89,20,RY,3,7/3/2022,6:42,0:14:14,0,Tuerckheimii,T13,1,45,FI1,FI,5,95,0,0,0,0,4,0,si,8:43:21,8:43:29,9.26E-05,8,RE,in,Tyrannidae,Pitangus,sulphuratus,Pitangus sulphuratus,AER,CSU,,BUG,SAL,RE,6,no
90,21,RY,3,7/3/2022,6:42,0:23:28,0,Tuerckheimii,T13,1,45,FI1,FI,5,95,0,0,0,0,4,0,si,9:06:57,9:07:06,0.000104167,9,MI,in,Parulidae,Cardellina,pusilla,Cardellina pusilla,AER,CIN,,BUG,SAL,SA,0,no
91,22,RY,3,7/3/2022,6:42,0:25:44,0,Tuerckheimii,T13,1,45,FI1,FI,5,95,0,0,0,0,4,0,si,9:32:50,9:32:59,0.000104167,9,MI,in,Polioptilidae,Polioptila,caerulea,Polioptila caerulea,AER,CME,,BUG,SAL,RE,3,no
92,1,RY,1,9/3/2022,6:41,0:14:28,3,elastica,E09,0,45,FI1,FI,0,80,0,15,5,0,4,2,si,6:55:28,6:55:42,0.000162037,14,MI,in,Parulidae,Cardellina,pusilla,Cardellina pusilla,AER,CSU,,BUG,SAL,RE,4,no
93,2,RY,1,9/3/2022,6:41,0:00:13,3,elastica,E09,0,45,FI1,FI,0,80,0,15,5,0,4,2,si,6:55:55,6:56:07,0.000138889,12,MI,in,Parulidae,Cardellina,pusilla,Cardellina pusilla,AER,CSU,,BUG,SAL,RE,3,no
94,3,RY,1,9/3/2022,6:41,0:00:37,3,elastica,E09,0,45,FI1,FI,0,80,0,15,5,0,4,2,si,6:56:44,6:56:54,0.000115741,10,MI,in,Parulidae,Leiothlypis,ruficapilla,Leiothlypis ruficapilla,AER,CSU,,BUG,SAL,RE,3,no
95,6,RY,1,9/3/2022,6:41,0:03:00,3,elastica,E09,0,45,FI1,FI,0,80,0,15,5,0,4,2,si,7:04:51,7:05:05,0.000162037,14,MI,in,Polioptilidae,Polioptila,caerulea,Polioptila caerulea,AER,CME,,BUG,SAL,RE,4,no
96,7,RY,1,9/3/2022,6:41,0:04:24,3,elastica,E09,0,45,FI1,FI,0,80,0,15,5,0,4,2,si,7:09:29,7:09:48,0.000219907,19,MI,in,Icteridae,Icterus,galbula,Icterus galbula,PER,CSU,,FM,ESP,RE,6,no
97,8,RY,1,9/3/2022,6:41,0:02:50,3,elastica,E09,0,45,FI1,FI,0,80,0,15,5,0,4,2,si,7:12:38,7:12:52,0.000162037,14,MI,in,Icteridae,Icterus,galbula,Icterus galbula,PER,CSU,,FM,ESP,MI,6,no
98,10,RY,1,9/3/2022,6:41,0:01:23,3,elastica,E09,0,45,FI1,FI,0,80,0,15,5,0,4,2,si,7:15:22,7:15:28,6.94E-05,6,RE,in,Tyrannidae,Pitangus,sulphuratus,Pitangus sulphuratus,PER,CIN,,FM,TRA,RE,7,no
99,11,RY,1,9/3/2022,6:41,0:06:28,3,elastica,E09,0,45,FI1,FI,0,80,0,15,5,0,4,2,si,7:21:56,7:22:09,0.000150463,13,MI,in,Parulidae,Setophaga ,virens,Setophaga  virens,AER,CSU,,BUG,SAL,RE,4,no
100,14,RY,2,9/3/2022,6:41,0:08:21,3,elastica,E09,0,45,FI1,FI,0,80,0,15,5,0,4,2,si,7:45:41,7:45:47,6.94E-05,6,MI,in,Parulidae,Leiothlypis,celata,Leiothlypis celata,AER,CME,,BUG,SAL,RE,4,no
101,15,RY,2,9/3/2022,6:41,0:13:27,3,elastica,E09,0,45,FI1,FI,0,80,0,15,5,0,4,2,si,7:59:14,7:59:25,0.000127315,11,MI,in,Vireonidae,Vireo,solitarius,Vireo solitarius,AER,CSU,,BUG,SAL,MI,3,no
102,17,RY,3,9/3/2022,6:41,1:03:02,3,elastica,E09,0,45,FI1,FI,0,80,0,15,5,0,4,2,si,9:07:07,9:07:18,0.000127315,11,MI,in,Parulidae,Setophaga ,virens,Setophaga  virens,AER,CME,,BUG,SAL,RE,3,no
103,18,RY,3,9/3/2022,6:41,0:00:56,3,elastica,E09,0,45,FI1,FI,0,80,0,15,5,0,4,2,si,9:08:14,9:08:30,0.000185185,16,MI,in,Parulidae,Cardellina,pusilla,Cardellina pusilla,AER,CME,,BUG,SAL,MI,2,no
104,20,RY,3,9/3/2022,6:41,0:08:28,3,elastica,E09,0,45,FI1,FI,0,80,0,15,5,0,4,2,si,9:19:47,9:19:59,0.000138889,12,MI,in,Polioptilidae,Polioptila,caerulea,Polioptila caerulea,AER,CSU,,BUG,SAL,MI,4,no
105,21,RY,3,9/3/2022,6:41,0:00:26,3,elastica,E09,0,45,FI1,FI,0,80,0,15,5,0,4,2,si,9:20:25,9:20:37,0.000138889,12,MI,in,Parulidae,Leiothlypis,ruficapilla,Leiothlypis ruficapilla,AER,CSU,,BUG,SAL,MI,3,no
106,3,RY,1,3/14/2022,6:37,0:00:19,0,Tuerckheimii,T15,1,15,SF1,SF,60,20,0,0,0,20,3,0,si,7:06:38,7:06:54,0.000185185,16,MI,in,Parulidae,Leiothlypis,celata,Leiothlypis celata,AER,CSU,,BUG,SAL,RE,3,no
107,4,RY,1,3/14/2022,6:37,0:00:12,0,Tuerckheimii,T15,1,15,SF1,SF,60,20,0,0,0,20,3,0,si,7:07:06,7:07:21,0.000173611,15,MI,in,Parulidae,Leiothlypis,ruficapilla,Leiothlypis ruficapilla,AER,CME,,BUG,SAL,RE,3,no
108,6,RY,1,3/14/2022,6:37,0:02:57,0,Tuerckheimii,T15,1,15,SF1,SF,60,20,0,0,0,20,3,0,si,7:15:04,7:15:18,0.000162037,14,MI,in,Parulidae,Cardellina,pusilla,Cardellina pusilla,AER,CME,,BUG,SAL,MI,3,no
109,7,RY,1,3/14/2022,6:37,0:00:55,0,Tuerckheimii,T15,1,15,SF1,SF,60,20,0,0,0,20,3,0,si,7:16:13,7:16:50,0.000428241,37,RE,in,Picidae,Melanerpes,aurifrons,Melanerpes aurifrons,PER,CME,EPI,BUG,ESP,MI,3,no
110,8,RY,1,3/14/2022,6:37,0:08:44,0,Tuerckheimii,T15,1,15,SF1,SF,60,20,0,0,0,20,3,0,si,7:25:34,7:26:21,0.000543981,47,RE,in,Picidae,Melanerpes,aurifrons,Melanerpes aurifrons,PER,CSU,EPI,BUG,ESP,RE,5,no
111,9,RY,3,3/14/2022,6:37,1:27:29,0,Tuerckheimii,T15,1,15,SF1,SF,60,20,0,0,0,20,3,0,si,8:53:50,8:54:02,0.000138889,12,RE,in,Picidae,Melanerpes,aurifrons,Melanerpes aurifrons,PER,CSU,,BUG,TRA,RE,2,no
112,10,RY,3,3/14/2022,6:37,0:05:08,0,Tuerckheimii,T15,1,15,SF1,SF,60,20,0,0,0,20,3,0,si,8:59:10,8:59:22,0.000138889,12,MI,in,Vireonidae,Vireo,solitarius,Vireo solitarius,AER,CME,,BUG,SAL,RE,5,no
113,11,RY,3,3/14/2022,6:37,0:00:32,0,Tuerckheimii,T15,1,15,SF1,SF,60,20,0,0,0,20,3,0,si,8:59:54,9:00:07,0.000150463,13,MI,in,Parulidae,Leiothlypis,celata,Leiothlypis celata,AER,CME,,BUG,SAL,RE,4,no
114,12,RY,3,3/14/2022,6:37,0:12:43,0,Tuerckheimii,T15,1,15,SF1,SF,60,20,0,0,0,20,3,0,si,9:12:50,9:13:06,0.000185185,16,MI,in,Parulidae,Setophaga ,virens,Setophaga  virens,AER,CIN,,BUG,SAL,MI,3,no
115,3,RY,2,3/17/2022,6:34,0:21:16,0,Tuerckheimii,T14,0,25,SF1,SF,100,0,0,0,0,0,0,0,si,7:46:55,7:47:08,0.000150463,13,MI,in,Polioptilidae,Polioptila,caerulea,Polioptila caerulea,AER,CSU,,BUG,SAL,SA,0,si
116,5,RY,2,3/17/2022,6:34,0:01:43,0,Tuerckheimii,T14,0,25,SF1,SF,100,0,0,0,0,0,0,0,si,8:03:54,8:04:29,0.000405093,35,MI,in,Parulidae,Cardellina,pusilla,Cardellina pusilla,AER,CIN,,BUG,SAL,SA,0,si
117,1,RY,1,3/18/2022,6:33,0:24:13,2,elastica,E15,1,35,FI1,FI,10,70,0,20,0,0,4,0,si,6:57:13,6:57:32,0.000219907,19,MI,in,Parulidae,Cardellina,pusilla,Cardellina pusilla,AER,CSU,,BUG,SAL,SA,0,no
118,2,RY,1,3/18/2022,6:33,0:02:10,2,elastica,E15,1,35,FI1,FI,10,70,0,20,0,0,4,0,si,6:59:42,6:59:53,0.000127315,11,MI,in,Polioptilidae,Polioptila,caerulea,Polioptila caerulea,AER,CIN,,BUG,SAL,RE,3,no
119,3,RY,1,3/18/2022,6:33,0:04:15,2,elastica,E15,1,35,FI1,FI,10,70,0,20,0,0,4,0,si,7:04:08,7:04:21,0.000150463,13,RE,in,Mimidae,Dumetella,carolinensis,Dumetella carolinensis,PER,CIN,,FI,TRA,RE,8,no
120,4,RY,1,3/18/2022,6:33,0:00:49,2,elastica,E15,1,35,FI1,FI,10,70,0,20,0,0,4,0,si,7:05:10,7:05:24,0.000162037,14,MI,in,Vireonidae,Vireo,solitarius,Vireo solitarius,AER,CIN,,BUG,SAL,RE,8,no
121,5,RY,1,3/18/2022,6:33,0:01:35,2,elastica,E15,1,35,FI1,FI,10,70,0,20,0,0,4,0,si,7:06:59,7:07:15,0.000185185,16,MI,in,Parulidae,Leiothlypis,ruficapilla,Leiothlypis ruficapilla,AER,CSU,,BUG,SAL,RE,10,no
122,6,RY,1,3/18/2022,6:33,0:00:12,2,elastica,E15,1,35,FI1,FI,10,70,0,20,0,0,4,0,si,7:07:27,7:07:39,0.000138889,12,MI,in,Parulidae,Setophaga ,virens,Setophaga  virens,AER,CSU,,BUG,SAL,RE,8,no
123,8,RY,1,3/18/2022,6:33,0:04:03,2,elastica,E15,1,35,FI1,FI,10,70,0,20,0,0,4,0,si,7:13:29,7:13:38,0.000104167,9,RE,in,Tyrannidae,Myiozetetes,similis,Myiozetetes similis,PER,CSU,,FM,TRA,MI,4,no
124,9,RY,1,3/18/2022,6:33,0:10:47,2,elastica,E15,1,35,FI1,FI,10,70,0,20,0,0,4,0,si,7:24:25,7:24:39,0.000162037,14,MI,in,Parulidae,Mniotilta,varia,Mniotilta varia,PER,TRO,,BUG,TRA,MI,4,no
125,13,RY,2,3/18/2022,6:33,0:01:20,2,elastica,E15,1,35,FI1,FI,10,70,0,20,0,0,4,0,si,8:04:50,8:05:03,0.000150463,13,RE,in,Tyrannidae,Megarynchus,pitangua,Megarynchus pitangua,PER,CIN,,FM,TRA,RE,5,no
126,14,RY,2,3/18/2022,6:33,0:18:22,2,elastica,E15,1,35,FI1,FI,10,70,0,20,0,0,4,0,si,8:23:25,8:23:34,0.000104167,9,MI,in,Icteridae,Icterus,galbula,Icterus galbula,PER,CME,,BUG,TRA,MI,3,no
127,15,RY,3,3/18/2022,6:33,0:16:09,2,elastica,E15,1,35,FI1,FI,10,70,0,20,0,0,4,0,si,8:39:43,8:39:59,0.000185185,16,MI,in,Parulidae,Cardellina,pusilla,Cardellina pusilla,AER,CIN,,BUG,SAL,RE,6,no
128,17,RY,3,3/18/2022,6:33,0:06:00,2,elastica,E15,1,35,FI1,FI,10,70,0,20,0,0,4,0,si,9:12:47,9:12:59,0.000138889,12,MI,in,Parulidae,Leiothlypis,celata,Leiothlypis celata,AER,CME,,BUG,SAL,RE,7,no
129,10,RY,1,3/21/2022,6:31,0:25:23,0,elastica,E01,0,45,SF1,SF,60,20,0,20,0,0,2,1,si,6:56:23,6:56:35,0.000138889,12,RE,in,Tyrannidae,Myiozetetes,similis,Myiozetetes similis,AER,CIN,,FI,SAL,RE,5,no
130,12,RY,1,3/21/2022,6:31,0:14:22,0,elastica,E01,0,45,SF1,SF,60,20,0,20,0,0,2,1,si,7:18:33,7:18:43,0.000115741,10,MI,in,Parulidae,Cardellina,pusilla,Cardellina pusilla,AER,CSU,,BUG,SAL,RE,7,no
131,16,RY,4,3/21/2022,6:31,0:40:21,0,elastica,E01,0,45,SF1,SF,60,20,0,20,0,0,2,1,si,9:33:51,9:34:22,0.000358796,31,MI,in,Parulidae,Setophaga ,virens,Setophaga  virens,AER,CIN,,BUG,SAL,RE,3,no
132,12,RY,1,3/22/2022,6:30,0:34:51,2,Tuerckheimii,T06,0,25,FI1,FI,20,60,0,0,0,20,3,2,si,7:04:51,7:05:20,0.000335648,29,MI,in,Polioptilidae,Polioptila,caerulea,Polioptila caerulea,AER,CSU,,BUG,SAL,RE,3,no
133,13,RY,1,3/22/2022,6:30,0:00:27,2,Tuerckheimii,T06,0,25,FI1,FI,20,60,0,0,0,20,3,2,si,7:05:47,7:06:01,0.000162037,14,MI,in,Parulidae,Cardellina,pusilla,Cardellina pusilla,AER,CSU,,BUG,SAL,RE,3,no
134,18,RY,2,3/22/2022,6:30,0:09:40,2,Tuerckheimii,T06,0,25,FI1,FI,20,60,0,0,0,20,3,2,si,8:18:30,8:18:49,0.000219907,19,MI,in,Parulidae,Leiothlypis,celata,Leiothlypis celata,AER,CSU,,BUG,SAL,RE,5,no
135,22,RY,3,3/22/2022,6:30,0:27:21,2,Tuerckheimii,T06,0,25,FI1,FI,20,60,0,0,0,20,3,2,si,9:14:40,9:15:03,0.000266204,23,RE,in,Troglodytidae,Campylorhynchus,zonatus,Campylorhynchus zonatus,PER,CME,EPI,BUG,TRA,RE,3,no
136,23,RY,3,3/22/2022,6:30,0:05:35,2,Tuerckheimii,T06,0,25,FI1,FI,20,60,0,0,0,20,3,2,si,9:20:38,9:20:52,0.000162037,14,MI,in,Polioptilidae,Polioptila,caerulea,Polioptila caerulea,AER,CME,,BUG,SAL,RE,2,no
137,24,RY,4,3/22/2022,6:30,0:12:22,2,Tuerckheimii,T06,0,25,FI1,FI,20,60,0,0,0,20,3,2,si,9:33:14,9:33:40,0.000300926,26,MI,in,Parulidae,Leiothlypis,ruficapilla,Leiothlypis ruficapilla,PER,CIN,EPI,BUG,TRA,RE,2,no
138,25,RY,4,3/22/2022,6:30,0:10:30,2,Tuerckheimii,T06,0,25,FI1,FI,20,60,0,0,0,20,3,2,si,9:44:10,9:44:29,0.000219907,19,MI,in,Vireonidae,Vireo,solitarius,Vireo solitarius,AER,CME,,BUG,SAL,RE,5,no
139,1,RY,1,3/26/2022,6:27,0:03:12,0,elastica,E13,1,35,SF1,SF,65,20,0,0,15,0,2,0,si,6:30:12,6:30:33,0.000243056,21,MI,in,Parulidae,Cardellina,pusilla,Cardellina pusilla,AER,CIN,,BUG,SAL,RE,11,no
140,5,RY,2,3/27/2022,6:26,1:34:17,0,Tuerckheimii,T04,0,45,SF2,SF,60,40,0,0,0,0,2,0,si,8:00:17,8:00:39,0.00025463,22,MI,in,Parulidae,Cardellina,pusilla,Cardellina pusilla,AER,CME,,BUG,SAL,SA,0,no
141,6,RY,3,3/27/2022,6:26,0:34:29,0,Tuerckheimii,T04,0,45,SF2,SF,60,40,0,0,0,0,2,0,si,8:35:08,8:35:22,0.000162037,14,RE,in,Troglodytidae,Campylorhynchus,zonatus,Campylorhynchus zonatus,PER,CME,EPI,BUG,TRA,RE,2,no
142,7,RY,3,3/27/2022,6:26,0:22:51,0,Tuerckheimii,T04,0,45,SF2,SF,60,40,0,0,0,0,2,0,si,8:58:13,8:58:21,9.26E-05,8,MI,in,Vireonidae,Vireo,solitarius,Vireo solitarius,AER,CME,,BUG,SAL,SA,0,no
143,8,RY,1,3/28/2022,6:25,0:07:56,0,Tuerckheimii,T10,0,25,SF1,SF,60,0,0,0,0,40,2,1,si,6:32:56,6:33:26,0.000347222,30,MI,in,Parulidae,Cardellina,pusilla,Cardellina pusilla,AER,CSU,,BUG,SAL,SA,0,no
144,9,RY,1,3/28/2022,6:25,0:07:14,0,Tuerckheimii,T10,0,25,SF1,SF,60,0,0,0,0,40,2,1,si,6:40:40,6:41:05,0.000289352,25,MI,in,Vireonidae,Vireo,solitarius,Vireo solitarius,AER,CSU,,BUG,SAL,RE,3,no
145,10,RY,1,3/28/2022,6:25,0:01:15,0,Tuerckheimii,T10,0,25,SF1,SF,60,0,0,0,0,40,2,1,si,6:42:20,6:42:42,0.00025463,22,MI,in,Parulidae,Leiothlypis,celata,Leiothlypis celata,AER,CSU,,BUG,SAL,MI,2,no
146,13,RY,1,3/28/2022,6:25,0:23:18,0,Tuerckheimii,T10,0,25,SF1,SF,60,0,0,0,0,40,2,1,si,7:12:57,7:13:09,0.000138889,12,MI,in,Parulidae,Cardellina,pusilla,Cardellina pusilla,AER,CME,,BUG,SAL,MI,1,no
147,3,RY,1,3/29/2022,6:24,0:00:50,0,elastica,E12,0,35,FI1,FI,20,50,20,0,10,0,3,4,si,6:59:59,7:00:12,0.000150463,13,MI,in,Parulidae,Leiothlypis,celata,Leiothlypis celata,AER,CSU,,BUG,SAL,RE,13,no
148,8,RY,2,3/29/2022,6:24,0:10:36,0,elastica,E12,0,35,FI1,FI,20,50,20,0,10,0,3,4,si,7:37:40,7:37:50,0.000115741,10,MI,in,Parulidae,Cardellina,pusilla,Cardellina pusilla,AER,CSU,,BUG,SAL,RE,5,no
149,9,RY,2,3/29/2022,6:24,0:06:59,0,elastica,E12,0,35,FI1,FI,20,50,20,0,10,0,3,4,si,7:44:49,7:45:05,0.000185185,16,RE,in,Tyrannidae,Pitangus,sulphuratus,Pitangus sulphuratus,AER,CSU,,FM,SAL,RE,8,no
150,11,RY,3,3/29/2022,6:24,0:07:05,0,elastica,E12,0,35,FI1,FI,20,50,20,0,10,0,3,4,si,9:08:23,9:08:32,0.000104167,9,RE,in,Picidae,Melanerpes,aurifrons,Melanerpes aurifrons,PER,CME,,FM,ESP,RE,8,no
151,13,RY,3,3/29/2022,6:24,0:08:21,0,elastica,E12,0,35,FI1,FI,20,50,20,0,10,0,3,4,si,9:21:13,9:21:25,0.000138889,12,MI,in,Parulidae,Leiothlypis,ruficapilla,Leiothlypis ruficapilla,AER,CIN,,BUG,SAL,RE,4,no
152,14,RY,4,3/29/2022,6:24,0:13:22,0,elastica,E12,0,35,FI1,FI,20,50,20,0,10,0,3,4,si,9:34:47,9:35:03,0.000185185,16,MI,in,Parulidae,Mniotilta,varia,Mniotilta varia,PER,TRO,,BUG,TRA,RE,5,no
153,2,RY,2,3/30/2022,6:23,0:57:49,0,elastica,E07,1,45,FI1,FI,30,60,0,0,10,0,3,1,si,7:48:35,7:48:50,0.000173611,15,RE,in,Tyrannidae,Pitangus,sulphuratus,Pitangus sulphuratus,PER,CSU,,FM,TRA,RE,3,no
154,5,RY,2,2/4/2022,6:21,1:03:39,3,Tuerckheimii,T01,0,45,FI1,FI,0,100,0,0,0,0,4,0,si,7:24:39,7:24:52,0.000150463,13,MI,in,Parulidae,Cardellina,pusilla,Cardellina pusilla,AER,CSU,,BUG,SAL,SA,0,no
155,7,RY,2,2/4/2022,6:21,0:00:25,3,Tuerckheimii,T01,0,45,FI1,FI,0,100,0,0,0,0,4,0,si,7:34:52,7:35:19,0.0003125,27,RE,in,Picidae,Melanerpes,aurifrons,Melanerpes aurifrons,PER,CME,EPI,BUG,TRA,RE,6,no
156,8,RY,2,2/4/2022,6:21,0:01:04,2,Tuerckheimii,T01,0,45,FI1,FI,0,100,0,0,0,0,4,0,si,7:36:23,7:36:43,0.000231481,20,RE,in,Troglodytidae,Campylorhynchus,zonatus,Campylorhynchus zonatus,PER,CME,EPI,BUG,TRA,RE,4,no
157,9,RY,2,2/4/2022,6:21,0:18:00,2,Tuerckheimii,T01,0,45,FI1,FI,0,100,0,0,0,0,4,0,si,7:54:43,7:54:57,0.000162037,14,MI,in,Parulidae,Cardellina,pusilla,Cardellina pusilla,AER,CIN,,BUG,SAL,RE,2,no
158,8,RY,1,4/4/2022,7:19,0:04:15,0,elastica,E13,1,35,SF1,SF,70,15,10,0,5,0,2,0,si,7:23:15,7:23:34,0.000219907,19,MI,in,Parulidae,Cardellina,pusilla,Cardellina pusilla,AER,CME,,BUG,SAL,RE,6,si
159,14,RY,2,4/4/2022,7:19,1:01:35,0,elastica,E13,1,35,SF1,SF,70,15,10,0,5,0,2,0,si,9:19:38,9:19:42,4.63E-05,4,RE,in,Tyrannidae,Megarynchus,pitangua,Megarynchus pitangua,AER,CIN,,FM,SAL,SA,0,si
160,11,RY,2,5/4/2022,7:18,0:31:06,0,elastica,E07,1,45,FI1,FI,30,60,0,0,10,0,3,1,si,8:23:32,8:23:44,0.000138889,12,RE,in,Tyrannidae,Myiozetetes,similis,Myiozetetes similis,AER,CIN,,FM,SAL,RE,1,no
161,10,RY,1,6/4/2022,7:17,0:02:28,0,Tuerckheimii,T03,1,55,FI2,FI,0,70,0,0,10,20,4,0,si,7:35:12,7:35:26,0.000162037,14,MI,in,Parulidae,Cardellina,pusilla,Cardellina pusilla,AER,CME,,BUG,SAL,RE,5,no
162,14,RY,1,6/4/2022,7:17,0:02:52,0,Tuerckheimii,T03,1,55,FI2,FI,0,70,0,0,10,20,4,0,si,7:51:39,7:52:07,0.000324074,28,RE,in,Picidae,Melanerpes,aurifrons,Melanerpes aurifrons,PER,CSU,,FM,ESP,RE,10,no
163,20,RY,4,6/4/2022,7:17,0:37:23,0,Tuerckheimii,T03,1,55,FI2,FI,0,70,0,0,10,20,4,0,si,10:48:20,10:49:24,0.000740741,64,RE,in,Picidae,Melanerpes,aurifrons,Melanerpes aurifrons,PER,CME,,FM,ESP,RE,6,no
164,23,RY,1,10/4/2022,7:14,0:22:12,1,Tuerckheimii,T13,1,25,FM1,FM,15,10,0,15,50,10,3,0,si,7:36:12,7:37:10,0.000671296,58,RE,in,Tyrannidae,Pitangus,sulphuratus,Pitangus sulphuratus,PER,CME,,FM,TRA,RE,6,no
165,25,RY,1,10/4/2022,7:14,0:02:53,1,Tuerckheimii,T13,1,25,FM1,FM,15,10,0,15,50,10,3,0,si,7:49:52,7:50:07,0.000173611,15,MI,in,Polioptilidae,Polioptila,caerulea,Polioptila caerulea,AER,CSU,,BUG,SAL,RE,5,no
166,26,RY,1,10/4/2022,7:14,0:03:31,1,Tuerckheimii,T13,1,25,FM1,FM,15,10,0,15,50,10,3,0,si,7:53:38,7:53:51,0.000150463,13,RE,in,Tyrannidae,Megarynchus,pitangua,Megarynchus pitangua,AER,CIN,,FM,SAL,RE,6,no
167,27,RY,1,10/4/2022,7:14,0:05:39,1,Tuerckheimii,T13,1,25,FM1,FM,15,10,0,15,50,10,3,0,si,7:59:30,7:59:45,0.000173611,15,MI,in,Parulidae,Leiothlypis,celata,Leiothlypis celata,AER,CME,,BUG,SAL,RE,6,no
168,28,RY,1,10/4/2022,7:14,0:02:40,1,Tuerckheimii,T13,1,25,FM1,FM,15,10,0,15,50,10,3,0,si,8:02:25,8:02:51,0.000300926,26,MI,in,Icteridae,Icterus,galbula,Icterus galbula,PER,CME,,FM,ESP,RE,8,no
169,29,RY,1,10/4/2022,7:14,0:02:12,1,Tuerckheimii,T13,1,25,FM1,FM,15,10,0,15,50,10,3,0,si,8:05:03,8:05:13,0.000115741,10,RE,in,Mimidae,Dumetella,carolinensis,Dumetella carolinensis,PER,CIN,,FM,ESP,RE,11,no
170,30,RY,1,10/4/2022,7:14,0:00:41,1,Tuerckheimii,T13,1,25,FM1,FM,15,10,0,15,50,10,3,0,si,8:05:54,8:06:05,0.000127315,11,MI,in,Icteridae,Icterus,galbula,Icterus galbula,PER,CIN,,FM,ESP,RE,11,no
171,34,RY,1,10/4/2022,7:14,0:00:43,2,Tuerckheimii,T13,1,25,FM1,FM,15,10,0,15,50,10,3,0,si,8:09:11,8:10:52,0.001168981,101,MI,in,Icteridae,Icterus,galbula,Icterus galbula,PER,CME,,FM,ESP,RE,13,no
172,36,RY,2,10/4/2022,7:14,0:03:04,2,Tuerckheimii,T13,1,25,FM1,FM,15,10,0,15,50,10,3,0,si,8:15:26,8:15:41,0.000173611,15,RE,in,Tyrannidae,Pitangus,sulphuratus,Pitangus sulphuratus,AER,CME,,FM,SAL,RE,8,no
173,39,RY,2,10/4/2022,7:14,0:00:19,2,Tuerckheimii,T13,1,25,FM1,FM,15,10,0,15,50,10,3,0,si,8:20:55,8:21:16,0.000243056,21,RE,in,Picidae,Melanerpes,aurifrons,Melanerpes aurifrons,PER,CME,,FM,ESP,RE,6,no
174,45,RY,2,10/4/2022,7:14,0:01:05,2,Tuerckheimii,T13,1,25,FM1,FM,15,10,0,15,50,10,3,0,si,8:33:46,8:34:02,0.000185185,16,MI,in,Parulidae,Leiothlypis,celata,Leiothlypis celata,PER,CME,EPI,OTROS,TRA,RE,13,no
175,47,RY,2,10/4/2022,7:14,0:00:47,2,Tuerckheimii,T13,1,25,FM1,FM,15,10,0,15,50,10,3,0,si,8:35:25,8:35:40,0.000173611,15,RE,in,Troglodytidae,Campylorhynchus,zonatus,Campylorhynchus zonatus,PER,CIN,,BUG,TRA,RE,7,no
176,48,RY,2,10/4/2022,7:14,0:01:56,2,Tuerckheimii,T13,1,25,FM1,FM,15,10,0,15,50,10,3,0,si,8:37:36,8:37:48,0.000138889,12,RE,in,Picidae,Melanerpes,aurifrons,Melanerpes aurifrons,PER,CME,,FM,ESP,RE,9,no
177,49,RY,2,10/4/2022,7:14,0:00:22,2,Tuerckheimii,T13,1,25,FM1,FM,15,10,0,15,50,10,3,0,si,8:38:10,8:38:53,0.000497685,43,RE,in,Picidae,Melanerpes,aurifrons,Melanerpes aurifrons,PER,CME,,FM,ESP,RE,9,no
178,51,RY,2,10/4/2022,7:14,0:03:35,2,Tuerckheimii,T13,1,25,FM1,FM,15,10,0,15,50,10,3,0,si,8:43:55,8:44:04,0.000104167,9,RE,in,Tyrannidae,Myiozetetes,similis,Myiozetetes similis,AER,CIN,EPI,OTROS,SAL,RE,14,no
179,54,RY,2,10/4/2022,7:14,0:25:28,2,Tuerckheimii,T13,1,25,FM1,FM,15,10,0,15,50,10,3,0,si,9:12:41,9:13:03,0.00025463,22,MI,in,Tyrannidae,Myiodynastes,luteiventris,Myiodynastes luteiventris,PER,CSU,,FM,ESP,RE,8,no
180,56,RY,4,10/4/2022,7:14,0:50:26,0,Tuerckheimii,T13,1,25,FM1,FM,15,10,0,15,50,10,3,0,si,10:19:17,10:19:47,0.000347222,30,MI,in,Icteridae,Icterus,galbula,Icterus galbula,PER,CIN,,FM,ESP,RE,11,no
181,61,RY,4,10/4/2022,7:14,0:13:45,0,Tuerckheimii,T13,1,25,FM1,FM,15,10,0,15,50,10,3,0,si,11:11:54,11:12:00,6.94E-05,6,RE,in,Tyrannidae,Megarynchus,pitangua,Megarynchus pitangua,PER,CME,,FM,TRA,RE,8,no
182,5,RY,1,11/4/2022,7:13,0:13:15,0,elastica,E02,0,25,SF1,SF,90,10,0,0,0,0,1,0,si,7:26:15,7:26:24,0.000104167,9,MI,in,Parulidae,Cardellina,pusilla,Cardellina pusilla,AER,CME,,BUG,SAL,SA,0,si
183,11,RY,1,12/4/2022,7:12,0:01:06,2,elastica,E06,1,35,FI1,FI,10,70,10,5,5,0,4,0,si,7:22:26,7:22:33,8.10E-05,7,RE,in,Tyrannidae,Myiozetetes,similis,Myiozetetes similis,AER,CSU,,FM,SAL,MI,2,no
184,12,RY,1,12/4/2022,7:12,0:01:08,2,elastica,E06,1,35,FI1,FI,10,70,10,5,5,0,4,0,si,7:23:41,7:23:57,0.000185185,16,MI,in,Parulidae,Setophaga ,virens,Setophaga  virens,AER,CSU,,BUG,SAL,MI,1,no
185,13,RY,1,12/4/2022,7:12,0:26:21,3,elastica,E06,1,35,FI1,FI,10,70,10,5,5,0,4,0,si,7:50:18,7:50:38,0.000231481,20,RE,in,Picidae,Melanerpes,aurifrons,Melanerpes aurifrons,PER,CSU,,FM,ESP,SA,0,no
186,14,RY,1,12/4/2022,7:12,0:06:30,3,elastica,E06,1,35,FI1,FI,10,70,10,5,5,0,4,0,si,7:57:08,7:57:17,0.000104167,9,RE,in,Tyrannidae,Megarynchus,pitangua,Megarynchus pitangua,AER,CIN,,FI,SAL,SA,0,no
187,15,RY,1,12/4/2022,7:12,0:03:40,3,elastica,E06,1,35,FI1,FI,10,70,10,5,5,0,4,0,si,8:00:57,8:01:06,0.000104167,9,RE,in,Tyrannidae,Myiozetetes,similis,Myiozetetes similis,AER,CSU,,FI,SAL,RE,1,no
188,16,RY,1,12/4/2022,7:12,0:03:20,3,elastica,E06,1,35,FI1,FI,10,70,10,5,5,0,4,0,si,8:04:26,8:04:34,9.26E-05,8,MI,in,Parulidae,Cardellina,pusilla,Cardellina pusilla,AER,CME,,BUG,SAL,SA,0,no
189,17,RY,2,12/4/2022,7:12,0:11:16,3,elastica,E06,1,35,FI1,FI,10,70,10,5,5,0,4,0,si,8:15:50,8:16:03,0.000150463,13,MI,in,Polioptilidae,Polioptila,caerulea,Polioptila caerulea,AER,CSU,,BUG,SAL,RE,1,no
190,18,RY,2,12/4/2022,7:12,0:00:58,3,elastica,E06,1,35,FI1,FI,10,70,10,5,5,0,4,0,si,8:17:01,8:17:15,0.000162037,14,RE,in,Tyrannidae,Myiozetetes,similis,Myiozetetes similis,AER,CSU,,FI,SAL,MI,1,no
191,23,RY,3,12/4/2022,7:12,0:33:05,2,elastica,E06,1,35,FI1,FI,10,70,10,5,5,0,4,0,si,9:29:12,9:29:49,0.000428241,37,RE,in,Picidae,Melanerpes,aurifrons,Melanerpes aurifrons,PER,CSU,,FM,ESP,RE,1,no
192,26,RY,4,12/4/2022,7:12,0:14:34,2,elastica,E06,1,35,FI1,FI,10,70,10,5,5,0,4,0,si,10:41:25,10:41:33,9.26E-05,8,RE,in,Mimidae,Dumetella,carolinensis,Dumetella carolinensis,PER,CME,,FM,TRA,RE,2,no
193,27,RY,4,12/4/2022,7:12,0:29:07,2,elastica,E06,1,35,FI1,FI,10,70,10,5,5,0,4,0,si,11:10:40,11:10:52,0.000138889,12,RE,in,Tyrannidae,Pitangus,sulphuratus,Pitangus sulphuratus,PER,CME,,FM,TRA,RE,4,no
194,28,RY,4,12/4/2022,7:12,0:01:02,2,elastica,E06,1,35,FI1,FI,10,70,10,5,5,0,4,0,si,11:11:54,11:12:04,0.000115741,10,RE,in,Picidae,Melanerpes,aurifrons,Melanerpes aurifrons,PER,CIN,,FM,TRA,RE,5,no
195,14,RY,2,4/14/2022,7:11,0:24:47,3,Tuerckheimii,T01,1,45,FI2,FI,0,90,0,0,10,0,4,0,si,8:38:15,8:38:25,0.000115741,10,RE,in,Troglodytidae,Campylorhynchus,zonatus,Campylorhynchus zonatus,PER,CIN,,BUG,TRA,RE,3,no
196,15,RY,2,4/14/2022,7:11,0:00:16,3,Tuerckheimii,T01,1,45,FI2,FI,0,90,0,0,10,0,4,0,si,8:38:41,8:39:00,0.000219907,19,RE,in,Picidae,Melanerpes,aurifrons,Melanerpes aurifrons,PER,CIN,EPI,BUG,TRA,RE,4,no
197,18,RY,3,4/14/2022,7:11,0:36:51,3,Tuerckheimii,T01,1,45,FI2,FI,0,90,0,0,10,0,4,0,si,10:03:01,10:03:07,6.94E-05,6,RE,in,Tyrannidae,Megarynchus,pitangua,Megarynchus pitangua,PER,CSU,,FM,TRA,SA,0,no
198,10,RY,1,4/15/2022,7:10,0:20:06,3,elastica,E04,0,75,FI1,FI,0,80,0,0,20,0,4,0,si,7:30:06,7:30:21,0.000173611,15,MI,in,Icteridae,Icterus,galbula,Icterus galbula,PER,CSU,,FM,ESP,RE,7,no
199,11,RY,1,4/15/2022,7:10,0:00:51,3,elastica,E04,0,75,FI1,FI,0,80,0,0,20,0,4,0,si,7:31:12,7:31:22,0.000115741,10,MI,in,Parulidae,Leiothlypis,celata,Leiothlypis celata,AER,CSU,,BUG,SAL,RE,9,no
200,13,RY,1,4/15/2022,7:10,0:00:46,3,elastica,E04,0,75,FI1,FI,0,80,0,0,20,0,4,0,si,7:35:32,7:35:40,9.26E-05,8,MI,in,Icteridae,Icterus,galbula,Icterus galbula,PER,CSU,,FM,TRA,RE,4,no
201,19,RY,1,4/15/2022,7:10,0:01:14,3,elastica,E04,0,75,FI1,FI,0,80,0,0,20,0,4,0,si,8:04:10,8:04:15,5.79E-05,5,RE,in,Mimidae,Dumetella,carolinensis,Dumetella carolinensis,PER,CME,,FI,TRA,RE,3,no
202,24,RY,3,4/15/2022,7:10,0:08:15,3,elastica,E04,0,75,FI1,FI,0,80,0,0,20,0,4,0,si,9:14:57,9:15:06,0.000104167,9,MI,in,Icteridae,Icterus,galbula,Icterus galbula,PER,CIN,,FM,ESP,RE,7,no
203,25,RY,3,4/15/2022,7:10,0:14:47,3,elastica,E04,0,75,FI1,FI,0,80,0,0,20,0,4,0,si,9:29:53,9:30:01,9.26E-05,8,MI,in,Parulidae,Mniotilta,varia,Mniotilta varia,PER,TRO,,BUG,TRA,RE,9,no
204,26,RY,3,4/15/2022,7:10,0:25:14,3,elastica,E04,0,75,FI1,FI,0,80,0,0,20,0,4,0,si,9:55:15,9:55:19,4.63E-05,4,RE,in,Tyrannidae,Megarynchus,pitangua,Megarynchus pitangua,PER,CME,,FM,TRA,RE,7,no
205,27,RY,3,4/15/2022,7:10,0:02:07,3,elastica,E04,0,75,FI1,FI,0,80,0,0,20,0,4,0,si,9:57:26,9:57:37,0.000127315,11,RE,in,Tyrannidae,Myiozetetes,similis,Myiozetetes similis,AER,CIN,,FM,SAL,RE,7,no
206,6,RY,1,4/18/2022,7:08,0:01:32,0,Tuerckheimii,T08,1,35,FI2,FI,0,70,0,5,20,5,4,0,si,7:46:54,7:47:09,0.000173611,15,MI,in,Icteridae,Icterus,galbula,Icterus galbula,PER,CSU,,FM,ESP,RE,5,no
207,8,RY,1,4/18/2022,7:08,0:07:56,0,Tuerckheimii,T08,1,35,FI2,FI,0,70,0,5,20,5,4,0,si,8:00:15,8:00:26,0.000127315,11,RE,in,Tyrannidae,Megarynchus,pitangua,Megarynchus pitangua,PER,CSU,,FM,TRA,RE,5,no
208,14,RY,2,4/18/2022,7:08,0:01:39,0,Tuerckheimii,T08,1,35,FI2,FI,0,70,0,5,20,5,4,0,si,8:39:19,8:39:53,0.000393519,34,MI,in,Icteridae,Icterus,galbula,Icterus galbula,PER,CSU,,FM,ESP,MI,5,no
209,15,RY,2,4/18/2022,7:08,0:04:20,0,Tuerckheimii,T08,1,35,FI2,FI,0,70,0,5,20,5,4,0,si,8:44:13,8:45:09,0.000648148,56,RE,in,Picidae,Melanerpes,aurifrons,Melanerpes aurifrons,PER,CSU,,FM,ESP,RE,4,no
210,18,RY,4,4/18/2022,7:08,1:18:07,0,Tuerckheimii,T08,1,35,FI2,FI,0,70,0,5,20,5,4,0,si,10:13:38,10:14:23,0.000520833,45,RE,in,Picidae,Melanerpes,formicivorus,Melanerpes formicivorus,PER,CSU,,FM,ESP,SA,0,no
211,29,RY,1,4/19/2022,7:07,0:31:21,1,Tuerckheimii,T06,2,45,FM2,FM,5,15,0,20,50,10,4,2,si,7:38:21,7:39:23,0.000717593,62,RE,in,Picidae,Melanerpes,formicivorus,Melanerpes formicivorus,PER,CSU,,FM,ESP,RE,1,no
212,32,RY,1,4/19/2022,7:07,0:06:38,3,Tuerckheimii,T06,2,45,FM2,FM,5,15,0,20,50,10,4,2,si,7:55:53,7:56:12,0.000219907,19,MI,in,Parulidae,Cardellina,pusilla,Cardellina pusilla,AER,CSU,,BUG,SAL,RE,5,no
213,33,RY,1,4/19/2022,7:07,0:06:50,3,Tuerckheimii,T06,2,45,FM2,FM,5,15,0,20,50,10,4,2,si,8:03:02,8:03:53,0.000590278,51,MI,in,Icteridae,Icterus,galbula,Icterus galbula,PER,CSU,,FM,ESP,RE,4,no
214,36,RY,2,4/19/2022,7:07,0:01:12,3,Tuerckheimii,T06,2,45,FM2,FM,5,15,0,20,50,10,4,2,si,8:26:27,8:26:45,0.000208333,18,RE,in,Troglodytidae,Campylorhynchus,zonatus,Campylorhynchus zonatus,PER,CME,,BUG,TRA,RE,7,no
215,38,RY,2,4/19/2022,7:07,0:11:18,3,Tuerckheimii,T06,2,45,FM2,FM,5,15,0,20,50,10,4,2,si,8:59:52,9:00:42,0.000578704,50,MI,in,Icteridae,Icterus,galbula,Icterus galbula,PER,CIN,,FM,ESP,MI,1,no
216,39,RY,4,4/19/2022,7:07,1:26:45,2,Tuerckheimii,T06,2,45,FM2,FM,5,15,0,20,50,10,4,2,si,10:27:27,10:28:39,0.000833333,72,MI,in,Tyrannidae,Myiodynastes,luteiventris,Myiodynastes luteiventris,PER,CSU,,FM,ESP,RE,4,no
217,42,RY,4,4/19/2022,7:07,0:20:34,3,Tuerckheimii,T06,2,45,FM2,FM,5,15,0,20,50,10,4,2,si,11:06:48,11:07:07,0.000219907,19,RE,in,Mimidae,Dumetella,carolinensis,Dumetella carolinensis,PER,CIN,,FM,ESP,RE,5,no
218,13,RY,2,4/26/2022,7:02,0:11:05,3,Tuerckheimii,T07,1,15,SF1,SF,70,5,0,0,10,15,1,6,si,8:43:14,8:43:23,0.000104167,9,MI,in,Icteridae,Icterus,galbula,Icterus galbula,PER,CSU,,FM,ESP,RE,3,no
219,10,RY,1,5/5/2022,6:57,0:03:32,0,elastica,E03,0,25,FI1,FI,10,90,0,0,0,0,4,10,si,7:00:32,7:00:42,0.000115741,10,MI,in,Parulidae,Setophaga ,petechia,Setophaga  petechia,AER,CSU,,BUG,SAL,RE,2,si
220,11,RY,1,5/5/2022,6:57,0:01:59,0,elastica,E03,0,25,FI1,FI,10,90,0,0,0,0,4,10,si,7:02:41,7:02:49,9.26E-05,8,MI,in,Parulidae,Setophaga ,petechia,Setophaga  petechia,AER,CSU,,BUG,SAL,RE,3,si
221,12,RY,1,5/5/2022,6:57,0:05:21,0,elastica,E03,0,25,FI1,FI,10,90,0,0,0,0,4,10,si,7:08:10,7:08:17,8.10E-05,7,RE,in,Tyrannidae,Megarynchus,pitangua,Megarynchus pitangua,PER,CIN,,FI,TRA,RE,1,si
222,23,RY,2,7/5/2022,6:56,0:35:18,0,elastica,E01,0,55,FI1,FI,0,60,20,20,0,0,4,1,si,8:16:47,8:16:50,3.47E-05,3,RE,in,Tyrannidae,Myiozetetes,similis,Myiozetetes similis,AER,CSU,,FI,SAL,RE,4,no
223,20,RY,1,9/5/2022,6:55,0:06:03,0,elastica,E05,1,65,FI1,FI,30,60,10,0,0,0,4,6,si,7:20:25,7:20:40,0.000173611,15,MI,in,Parulidae,Setophaga ,petechia,Setophaga  petechia,AER,CSU,,BUG,SAL,RE,5,si
224,22,RY,1,9/5/2022,6:55,0:04:58,0,elastica,E05,1,65,FI1,FI,30,60,10,0,0,0,4,6,si,7:27:37,7:27:49,0.000138889,12,RE,in,Tyrannidae,Tyrannus,melancholicus,Tyrannus melancholicus,AER,CSU,,FI,SAL,RE,3,si
225,15,RY,1,10/5/2022,6:54,0:47:09,3,Tuerckheimii,T10,0,65,FI1,FI,0,70,0,0,0,30,4,1,si,7:41:09,7:41:21,0.000138889,12,MI,in,Parulidae,Setophaga ,petechia,Setophaga  petechia,AER,CSU,,BUG,SAL,MI,1,si
226,16,RY,1,10/5/2022,6:54,0:00:11,3,Tuerckheimii,T10,0,65,FI1,FI,0,70,0,0,0,30,4,1,si,7:41:32,7:41:45,0.000150463,13,MI,in,Parulidae,Setophaga ,petechia,Setophaga  petechia,AER,CME,,BUG,SAL,MI,1,si
227,28,RY,2,12/5/2022,6:53,0:52:38,0,elastica,E09,0,35,FI2,FI,10,20,70,0,0,0,4,0,si,8:15:21,8:15:30,0.000104167,9,MI,in,Parulidae,Setophaga ,petechia,Setophaga  petechia,AER,CSU,,BUG,SAL,RE,3,no
228,28,RY,2,5/15/2022,6:52,0:03:24,0,Tuerckheimii,T03,1,65,FI3,FI,0,10,40,30,10,10,4,0,si,8:15:14,8:15:21,8.10E-05,7,RE,in,Tyrannidae,Megarynchus,pitangua,Megarynchus pitangua,AER,CSU,,FM,SAL,RE,5,no
229,40,RY,2,6/6/2022,6:49,0:07:33,1,Tuerckheimii,T09,0,45,FI1,FI,0,90,0,5,5,0,4,3,no,8:28:43,8:28:52,0.000104167,9,RE,in,Tyrannidae,Myiozetetes,similis,Myiozetetes similis,AER,CSU,,BUG,SAL,RE,2,no
230,41,RY,2,6/6/2022,6:49,0:13:28,1,Tuerckheimii,T09,0,45,FI1,FI,0,90,0,5,5,0,4,3,no,8:42:20,8:42:31,0.000127315,11,RE,in,Tyrannidae,Myiozetetes,similis,Myiozetetes similis,AER,CSU,,BUG,SAL,RE,1,no
231,16,RY,1,6/28/2022,6:52,0:01:10,1,Tuerckheimii,T12,2,55,FI1,FI,0,30,50,10,10,0,4,0,no,7:28:21,7:28:29,9.26E-05,8,RE,in,Tyrannidae,Megarynchus,pitangua,Megarynchus pitangua,AER,CSU,,FM,SAL,RE,2,si
232,20,RY,2,6/28/2022,6:52,0:12:17,1,Tuerckheimii,T12,2,55,FI1,FI,0,30,50,10,10,0,4,0,no,8:30:33,8:30:53,0.000231481,20,RE,in,Picidae,Melanerpes,aurifrons,Melanerpes aurifrons,PER,CSU,,FM,ESP,RE,2,si
233,7,RY,2,7/16/2022,6:58,0:09:15,2,Tuerckheimii,T16,0,35,FI1,FI,0,50,35,5,5,5,4,3,no,8:01:40,8:02:03,0.000266204,23,RE,in,Picidae,Melanerpes,aurifrons,Melanerpes aurifrons,PER,CME,,FM,ESP,RE,2,no
234,9,RY,2,7/16/2022,6:58,0:00:24,1,Tuerckheimii,T16,0,35,FI1,FI,0,50,35,5,5,5,4,3,no,8:54:15,8:55,0.000659722,57,RE,in,Picidae,Melanerpes,aurifrons,Melanerpes aurifrons,PER,CSU,,FM,ESP,RE,3,no
235,7,RY,2,7/18/2022,6:59,0:02:18,3,Tuerckheimii,T05,1,45,FM1,FM,25,0,0,0,70,5,4,5,no,8:02:39,8:03:21,0.000486111,42,RE,in,Picidae,Melanerpes,aurifrons,Melanerpes aurifrons,PER,CSU,,FM,ESP,RE,1,no
236,9,RY,2,7/18/2022,6:59,0:09:02,3,Tuerckheimii,T05,1,45,FM1,FM,25,0,0,0,70,5,4,5,no,8:19:16,8:19:28,0.000138889,12,RE,in,Picidae,Melanerpes,aurifrons,Melanerpes aurifrons,PER,CME,,FM,ESP,RE,1,no
237,15,RY,2,7/18/2022,6:59,0:06:55,3,Tuerckheimii,T05,1,45,FM1,FM,25,0,0,0,70,5,4,5,no,8:50:59,8:51:14,0.000173611,15,RE,in,Tyrannidae,Pitangus,sulphuratus,Pitangus sulphuratus,PER,CIN,,FM,TRA,RE,4,no
238,19,RY,3,7/18/2022,6:59,0:04:30,3,Tuerckheimii,T05,1,45,FM1,FM,25,0,0,0,70,5,4,5,no,9:25:52,9:26:01,0.000104167,9,RE,in,Tyrannidae,Megarynchus,pitangua,Megarynchus pitangua,AER,CME,,FM,SAL,RE,2,no
239,18,RY,1,7/19/2022,6:59,0:17:47,3,elastica,E15,2,55,FM1,FM,0,20,0,60,10,10,4,1,no,7:16:47,7:16:56,0.000104167,9,RE,in,Troglodytidae,Campylorhynchus,zonatus,Campylorhynchus zonatus,PER,CME,EPI,BUG,TRA,RE,4,no
240,19,RY,1,7/19/2022,6:59,0:05:55,3,elastica,E15,2,55,FM1,FM,0,20,0,60,10,10,4,1,no,7:22:51,7:23:15,0.000277778,24,RE,in,Picidae,Melanerpes,aurifrons,Melanerpes aurifrons,PER,CME,,FM,ESP,RE,5,no
241,29,RY,2,7/19/2022,6:59,0:01:20,3,elastica,E15,2,55,FM1,FM,0,20,0,60,10,10,4,1,no,8:42:47,8:42:51,4.63E-05,4,RE,in,Tyrannidae,Myiozetetes,similis,Myiozetetes similis,AER,CSU,,FM,SAL,RE,5,no
242,30,RY,2,7/19/2022,6:59,0:04:36,3,elastica,E15,2,55,FM1,FM,0,20,0,60,10,10,4,1,no,8:47:27,8:47:33,6.94E-05,6,MI,in,Tyrannidae,Myiodynastes,luteiventris,Myiodynastes luteiventris,AER,CME,,FM,SAL,RE,4,no
243,10,RY,1,7/20/2022,7:00,0:00:41,3,elastica,E14,1,55,FM1,FM,10,10,0,70,0,0,4,0,no,7:15:32,7:15:37,5.79E-05,5,RE,in,Tyrannidae,Myiozetetes,similis,Myiozetetes similis,AER,CSU,,FM,SAL,RE,1,no
244,29,RY,1,7/21/2022,7:00,0:22:00,2,elastica,E09,0,55,FM1,FM,10,20,0,60,5,5,4,6,no,7:22:00,7:22:13,0.000150463,13,RE,in,Tyrannidae,Myiozetetes,similis,Myiozetetes similis,AER,CSU,,FM,SAL,RE,1,no
245,30,RY,1,7/21/2022,7:00,0:05:27,2,elastica,E09,0,55,FM1,FM,10,20,0,60,5,5,4,6,no,7:27:40,7:27:46,6.94E-05,6,RE,in,Tyrannidae,Myiozetetes,similis,Myiozetetes similis,AER,CSU,,FM,SAL,RE,1,no
246,33,RY,2,7/21/2022,7:00,0:31:46,2,elastica,E09,0,55,FM1,FM,10,20,0,60,5,5,4,6,no,8:34:11,8:34:24,0.000150463,13,RE,in,Picidae,Melanerpes,aurifrons,Melanerpes aurifrons,PER,CME,,FM,ESP,RE,1,no
247,34,RY,3,7/21/2022,7:00,1:00:46,2,elastica,E09,0,55,FM1,FM,10,20,0,60,5,5,4,6,no,9:35:10,9:35:17,8.10E-05,7,RE,in,Tyrannidae,Pitangus,sulphuratus,Pitangus sulphuratus,AER,CSU,,FM,SAL,RE,1,no
248,28,RY,1,7/22/2022,7:00,0:04:00,2,elastica,E01,0,65,FI2,FI,0,0,50,40,5,5,4,1,no,7:04,7:05:02,6.94E-05,6,RE,in,Tyrannidae,Myiozetetes,similis,Myiozetetes similis,PER,CIN,,FM,TRA,RE,6,no
249,20,RY,2,7/23/2022,7:01,0:27:01,1,elastica,E03,1,35,FI2,FI,15,0,50,30,5,0,3,4,no,8:20:51,8:20:59,9.26E-05,8,RE,in,Tyrannidae,Myiozetetes,similis,Myiozetetes similis,PER,CSU,,FM,TRA,RE,2,si
250,21,RY,2,7/23/2022,7:01,0:00:38,1,elastica,E03,1,35,FI2,FI,15,0,50,30,5,0,3,4,no,8:21:37,8:21:43,6.94E-05,6,RE,in,Tyrannidae,Myiozetetes,similis,Myiozetetes similis,PER,CSU,,FM,TRA,RE,2,si
251,23,RY,4,7/23/2022,7:01,0:16:08,3,elastica,E03,1,35,FI2,FI,15,0,50,30,5,0,3,4,no,10:03:28,10:03:43,0.000173611,15,RE,in,Picidae,Melanerpes,aurifrons,Melanerpes aurifrons,PER,CIN,,FM,ESP,SA,0,si
252,6,RY,1,7/25/2022,7:01,0:44:16,3,elastica,E02,0,55,FI1,FI,30,0,50,20,0,0,3,0,no,7:45:16,7:45:22,6.94E-05,6,RE,in,Tyrannidae,Megarynchus,pitangua,Megarynchus pitangua,AER,CIN,,FM,SAL,SA,0,si
253,8,RY,2,7/25/2022,7:01,0:03:09,3,elastica,E02,0,55,FI1,FI,30,0,50,20,0,0,3,0,no,8:29:49,8:29:57,9.26E-05,8,RE,in,Tyrannidae,Myiozetetes,similis,Myiozetetes similis,AER,CIN,,FM,SAL,RE,1,si
254,9,RY,2,7/25/2022,7:01,0:01:56,3,elastica,E02,0,55,FI1,FI,30,0,50,20,0,0,3,0,no,8:31:53,8:32:03,0.000115741,10,RE,in,Tyrannidae,Myiozetetes,similis,Myiozetetes similis,PER,CIN,,FM,TRA,RE,2,si
255,10,RY,1,7/26/2022,7:02,0:21:52,2,elastica,E08,1,45,FI2,FI,0,10,85,5,0,0,4,6,no,7:23:52,7:24:07,0.000173611,15,RE,in,Picidae,Melanerpes,aurifrons,Melanerpes aurifrons,PER,CME,,FM,ESP,SA,0,no
256,11,RY,2,7/26/2022,7:02,1:12:28,1,elastica,E08,1,45,FI2,FI,0,10,85,5,0,0,4,6,no,8:36:35,8:36:47,0.000138889,12,RE,in,Tyrannidae,Myiozetetes,similis,Myiozetetes similis,AER,CSU,,FM,SAL,SA,0,no
257,13,RY,1,7/27/2022,7:02,0:08:06,1,Tuerckheimii,T15,0,65,FI1,FI,0,70,10,10,10,0,4,0,no,7:10:06,7:10:18,0.000138889,12,RE,in,Tyrannidae,Megarynchus,pitangua,Megarynchus pitangua,AER,CIN,,FM,SAL,SA,0,no
258,20,RY,2,7/27/2022,7:02,0:03:04,2,Tuerckheimii,T15,0,65,FI1,FI,0,70,10,10,10,0,4,0,no,8:15:42,8:16:07,0.000289352,25,RE,in,Picidae,Melanerpes,aurifrons,Melanerpes aurifrons,PER,CIN,,FM,ESP,RE,1,si
259,21,RY,2,7/27/2022,7:02,0:00:43,2,Tuerckheimii,T15,0,65,FI1,FI,0,70,10,10,10,0,4,0,no,8:16:50,8:17:05,0.000173611,15,RE,in,Picidae,Melanerpes,aurifrons,Melanerpes aurifrons,PER,CIN,,BUG,TRA,RE,2,si
260,24,RY,2,7/27/2022,7:02,0:00:30,2,Tuerckheimii,T15,0,65,FI1,FI,0,70,10,10,10,0,4,0,no,8:28:10,8:28:17,8.10E-05,7,RE,in,Tyrannidae,Megarynchus,pitangua,Megarynchus pitangua,AER,CIN,,FM,SAL,RE,5,no
261,26,RY,2,7/27/2022,7:02,0:04:56,2,Tuerckheimii,T15,0,65,FI1,FI,0,70,10,10,10,0,4,0,no,8:38:56,8:39:17,0.000243056,21,RE,in,Troglodytidae,Campylorhynchus,zonatus,Campylorhynchus zonatus,PER,CSU,EPI,BUG,TRA,RE,2,no
262,20,RY,1,7/28/2022,7:02,0:01:16,3,elastica,E13,2,35,FI1,FI,15,70,15,0,0,0,3,0,no,7:21:08,7:21:29,0.000243056,21,RE,in,Picidae,Melanerpes,aurifrons,Melanerpes aurifrons,PER,CIN,,FM,ESP,RE,8,si
263,24,RY,2,7/28/2022,7:02,0:30:50,3,elastica,E13,2,35,FI1,FI,15,70,15,0,0,0,3,0,no,8:06:53,8:07:00,8.10E-05,7,RE,in,Tyrannidae,Myiozetetes,similis,Myiozetetes similis,AER,CSU,,FM,SAL,RE,5,si
264,8,RY,1,7/30/2022,7:03,0:37:05,3,Tuerckheimii,T14,0,55,FI1,FI,0,50,45,0,5,0,4,0,no,7:56:28,7:56:49,0.000243056,21,RE,in,Picidae,Melanerpes,aurifrons,Melanerpes aurifrons,PER,CME,,FM,ESP,SA,0,si
265,9,RY,2,7/30/2022,7:03,0:10:12,3,Tuerckheimii,T14,0,55,FI1,FI,0,50,45,0,5,0,4,0,no,8:07:01,8:07:15,0.000162037,14,RE,in,Picidae,Melanerpes,aurifrons,Melanerpes aurifrons,PER,CSU,,FM,ESP,RE,1,si
266,26,RY,1,3/8/2022,7:05,0:03:19,2,elastica,E03,2,35,FM1,FM,15,20,15,45,5,0,4,8,no,7:31:26,7:31:36,0.000115741,10,RE,in,Picidae,Melanerpes,aurifrons,Melanerpes aurifrons,PER,CME,,FM,TRA,SA,0,si
267,19,RY,1,4/8/2022,7:05,0:00:28,0,Tuerckheimii,T10,0,65,FI2,FI,0,0,50,20,30,0,4,1,no,7:23:44,7:24:46,0.000717593,62,RE,in,Picidae,Melanerpes,aurifrons,Melanerpes aurifrons,PER,CSU,,FM,ESP,RE,3,no
268,20,RY,1,4/8/2022,7:05,0:03:23,0,Tuerckheimii,T10,0,65,FI2,FI,0,0,50,20,30,0,4,1,no,7:28:09,7:28:30,0.000243056,21,MI,in,Icteridae,Icterus,spurius,Icterus spurius,PER,CSU,,FM,ESP,RE,3,no
269,27,RY,2,4/8/2022,7:05,0:14:34,0,Tuerckheimii,T10,0,65,FI2,FI,0,0,50,20,30,0,4,1,no,8:14:46,8:14:54,9.26E-05,8,RE,in,Tyrannidae,Megarynchus,pitangua,Megarynchus pitangua,PER,CSU,,FM,TRA,MI,1,no
270,29,RY,3,4/8/2022,7:05,0:03:17,0,Tuerckheimii,T10,0,65,FI2,FI,0,0,50,20,30,0,4,1,no,9:21:32,9:21:44,0.000138889,12,RE,in,Momotidae,Momotus,coeruliceps,Momotus coeruliceps,PER,CSU,,FM,TRA,RE,2,no
271,30,RY,3,4/8/2022,7:05,0:00:45,0,Tuerckheimii,T10,0,65,FI2,FI,0,0,50,20,30,0,4,1,no,9:22:29,9:22:45,0.000185185,16,RE,in,Momotidae,Momotus,coeruliceps,Momotus coeruliceps,PER,CME,,FM,TRA,RE,2,no
272,31,RY,3,4/8/2022,7:05,0:02:33,0,Tuerckheimii,T10,0,65,FI2,FI,0,0,50,20,30,0,4,1,no,9:25:18,9:25:36,0.000208333,18,RE,in,Momotidae,Momotus,coeruliceps,Momotus coeruliceps,PER,CME,,FM,TRA,RE,2,no
273,33,RY,4,4/8/2022,7:05,1:08:19,0,Tuerckheimii,T10,0,65,FI2,FI,0,0,50,20,30,0,4,1,no,10:53:59,10:54:16,0.000196759,17,RE,in,Picidae,Melanerpes,aurifrons,Melanerpes aurifrons,PER,CSU,,FM,ESP,RE,2,no
274,2,RY,1,8/8/2022,7:06,0:11:08,3,Tuerckheimii,T11,0,25,FM1,FM,0,0,10,20,70,0,4,5,no,7:31:39,7:31:50,0.000127315,11,RE,in,Tyrannidae,Megarynchus,pitangua,Megarynchus pitangua,PER,CIN,,FM,TRA,SA,0,si
275,3,RY,1,8/8/2022,7:06,0:02:51,3,Tuerckheimii,T11,0,25,FM1,FM,0,0,10,20,70,0,4,5,no,7:34:41,7:35:13,0.00037037,32,RE,in,Picidae,Melanerpes,aurifrons,Melanerpes aurifrons,PER,CSU,,FM,ESP,RE,1,si
276,30,RY,1,9/8/2022,7:06,0:00:09,3,elastica,E06,0,35,FM1,FM,10,30,0,50,10,0,4,0,no,7:16:55,7:17:04,0.000104167,9,RE,in,Tyrannidae,Pitangus,sulphuratus,Pitangus sulphuratus,AER,CSU,,FM,SAL,RE,1,no
277,31,RY,1,9/8/2022,7:06,0:24:55,3,elastica,E06,0,35,FM1,FM,10,30,0,50,10,0,4,0,no,7:41:59,7:42:05,6.94E-05,6,RE,in,Tyrannidae,Myiozetetes,similis,Myiozetetes similis,AER,CSU,,FM,SAL,RE,1,no
278,33,RY,1,9/8/2022,7:06,0:00:42,3,elastica,E06,0,35,FM1,FM,10,30,0,50,10,0,4,0,no,7:43:21,7:43:28,8.10E-05,7,RE,in,Tyrannidae,Megarynchus,pitangua,Megarynchus pitangua,PER,CSU,,FM,TRA,SA,0,no
279,34,RY,1,9/8/2022,7:06,0:04:45,3,elastica,E06,0,35,FM1,FM,10,30,0,50,10,0,4,0,no,7:48:13,7:48:21,9.26E-05,8,MI,in,Tyrannidae,Myiodynastes,luteiventris,Myiodynastes luteiventris,PER,CSU,,FM,TRA,SA,0,no
280,37,RY,1,9/8/2022,7:06,0:08:51,3,elastica,E06,0,35,FM1,FM,10,30,0,50,10,0,4,0,no,8:03:58,8:04:06,9.26E-05,8,RE,in,Tyrannidae,Megarynchus,pitangua,Megarynchus pitangua,PER,CSU,,FM,TRA,RE,1,no
281,40,RY,2,9/8/2022,7:06,0:02:17,3,elastica,E06,0,35,FM1,FM,10,30,0,50,10,0,4,0,no,8:34:18,8:34:29,0.000127315,11,RE,in,Tyrannidae,Myiozetetes,similis,Myiozetetes similis,AER,CSU,,FM,SAL,RE,1,no
282,41,RY,2,9/8/2022,7:06,0:02:50,3,elastica,E06,0,35,FM1,FM,10,30,0,50,10,0,4,0,no,8:37:19,8:37:36,0.000196759,17,RE,in,Picidae,Melanerpes,aurifrons,Melanerpes aurifrons,PER,CSU,,FM,ESP,RE,2,no
283,24,RY,1,10/8/2022,7:07,0:01:48,2,elastica,E12,0,25,FI2,FI,30,20,50,0,0,0,3,3,no,7:38:21,7:38:27,6.94E-05,6,RE,in,Tyrannidae,Myiozetetes,similis,Myiozetetes similis,AER,CIN,,FM,SAL,SA,0,no
284,25,RY,1,10/8/2022,7:07,0:10:36,2,elastica,E12,0,25,FI2,FI,30,20,50,0,0,0,3,3,no,7:49:03,7:49:15,0.000138889,12,RE,in,Tyrannidae,Myiozetetes,similis,Myiozetetes similis,AER,CME,,FM,SAL,SA,0,no
285,25,RY,1,12/8/2022,7:07,0:08:59,1,Tuerckheimii,T12,2,45,FI2,FI,0,80,15,0,5,0,4,0,no,8:01:55,8:02:12,0.000196759,17,RE,in,Tyrannidae,Myiozetetes,similis,Myiozetetes similis,AER,CSU,,BUG,SAL,RE,9,no
286,26,RY,1,12/8/2022,7:07,0:02:11,1,Tuerckheimii,T12,2,45,FI2,FI,0,80,15,0,5,0,4,0,no,8:04:23,8:04:50,0.0003125,27,RE,in,Picidae,Melanerpes,aurifrons,Melanerpes aurifrons,PER,CIN,,FM,ESP,RE,8,no
287,12,RY,1,8/13/2022,7:08,0:01:23,1,Tuerckheimii,T04,1,45,FI1,FI,0,25,30,20,20,0,3,0,no,7:58:22,7:58:29,8.10E-05,7,RE,in,Tyrannidae,Megarynchus,pitangua,Megarynchus pitangua,AER,CIN,,FM,SAL,RE,6,no
288,15,RY,2,8/13/2022,7:08,0:33:45,1,Tuerckheimii,T04,1,45,FI1,FI,0,25,30,20,20,0,3,0,no,8:33:14,8:33:35,0.000243056,21,RE,in,Picidae,Melanerpes,aurifrons,Melanerpes aurifrons,PER,CME,,FM,ESP,SA,0,no
289,16,RY,3,8/13/2022,7:08,0:35:41,1,Tuerckheimii,T04,1,45,FI1,FI,0,25,30,20,20,0,3,0,no,9:09:16,9:09:27,0.000127315,11,RE,in,Picidae,Melanerpes,aurifrons,Melanerpes aurifrons,PER,CSU,,FM,ESP,RE,2,no
290,17,RY,2,8/15/2022,7:08,0:57:11,1,Tuerckheimii,T14,0,55,FM1,FM,10,5,20,20,45,0,4,0,no,8:36:48,8:37:02,0.000162037,14,MI,in,Icteridae,Icterus,spurius,Icterus spurius,PER,CSU,,FM,ESP,RE,2,no
291,18,RY,2,8/15/2022,7:08,0:00:13,1,Tuerckheimii,T14,0,55,FM1,FM,10,5,20,20,45,0,4,0,no,8:37:15,8:37:33,0.000208333,18,RE,in,Tyrannidae,Empidonax,sp.,Empidonax sp.,AER,CSU,,BUG,SAL,RE,3,no
292,19,RY,2,8/15/2022,7:08,0:00:34,1,Tuerckheimii,T14,0,55,FM1,FM,10,5,20,20,45,0,4,0,no,8:38:07,8:38:22,0.000173611,15,RE,in,Tyrannidae,Empidonax,sp.,Empidonax sp.,AER,CSU,,BUG,SAL,RE,1,no
293,20,RY,2,8/15/2022,7:08,0:22:21,1,Tuerckheimii,T14,0,55,FM1,FM,10,5,20,20,45,0,4,0,no,9:00:43,9:00:51,9.26E-05,8,RE,in,Tyrannidae,Myiozetetes,similis,Myiozetetes similis,AER,CSU,,BUG,SAL,RE,2,no
294,21,RY,3,8/15/2022,7:08,0:21:23,1,Tuerckheimii,T14,0,55,FM1,FM,10,5,20,20,45,0,4,0,no,9:22:14,9:22:34,0.000231481,20,RE,in,Picidae,Melanerpes,aurifrons,Melanerpes aurifrons,PER,CSU,,FM,ESP,RE,2,no
295,18,RY,3,8/17/2022,7:09,0:16:21,2,Tuerckheimii,T16,0,55,SF1,SF,50,30,5,10,5,0,2,1,no,9:23:42,9:23:58,0.000185185,16,RE,in,Picidae,Melanerpes,aurifrons,Melanerpes aurifrons,PER,CME,,FM,ESP,RE,2,no
296,39,RY,1,8/20/2022,7:10,0:02:20,1,Tuerckheimii,T03,0,55,SF1,SF,50,20,10,10,10,0,2,0,si,7:27:53,7:28:13,0.000231481,20,RE,in,Picidae,Melanerpes,aurifrons,Melanerpes aurifrons,PER,CME,,FM,ESP,RE,5,no
297,40,RY,1,8/20/2022,7:10,0:01:48,1,Tuerckheimii,T03,0,55,SF1,SF,50,20,10,10,10,0,2,0,si,7:30:01,7:30:21,0.000231481,20,RE,in,Picidae,Melanerpes,aurifrons,Melanerpes aurifrons,PER,CSU,,FM,ESP,RE,6,no
298,43,RY,1,8/20/2022,7:10,0:00:51,1,Tuerckheimii,T03,0,55,SF1,SF,50,20,10,10,10,0,2,0,si,7:35:59,7:36:09,0.000115741,10,RE,in,Tyrannidae,Myiozetetes,similis,Myiozetetes similis,AER,CSU,,BUG,SAL,RE,11,no
299,44,RY,1,8/20/2022,7:10,0:00:55,1,Tuerckheimii,T03,0,55,SF1,SF,50,20,10,10,10,0,2,0,si,7:37:04,7:37:19,0.000173611,15,RE,in,Tyrannidae,Myiozetetes,similis,Myiozetetes similis,AER,CSU,,FM,TRA,RE,11,no
300,45,RY,1,8/20/2022,7:10,0:01:19,1,Tuerckheimii,T03,0,55,SF1,SF,50,20,10,10,10,0,2,0,si,7:38:38,7:38:52,0.000162037,14,RE,in,Tyrannidae,Megarynchus,pitangua,Megarynchus pitangua,PER,CSU,,FM,TRA,RE,4,no
301,49,RY,1,8/20/2022,7:10,0:26:07,1,Tuerckheimii,T03,0,55,SF1,SF,50,20,10,10,10,0,2,0,si,8:09:15,8:09:40,0.000289352,25,RE,in,Picidae,Melanerpes,formicivorus,Melanerpes formicivorus,PER,CME,,FM,ESP,RE,3,no
302,43,RY,1,8/21/2022,7:10,0:32:17,2,Tuerckheimii,T06,1,35,SF1,SF,100,0,0,0,0,0,0,3,si,7:42:17,7:42:32,0.000173611,15,RE,in,Picidae,Melanerpes,formicivorus,Melanerpes formicivorus,PER,CSU,EPI,BUG,TRA,SA,0,no
303,44,RY,1,8/21/2022,7:10,0:10:06,2,Tuerckheimii,T06,1,35,SF1,SF,100,0,0,0,0,0,0,3,si,7:52:38,7:52:51,0.000150463,13,RE,in,Troglodytidae,Campylorhynchus,zonatus,Campylorhynchus zonatus,PER,CSU,EPI,BUG,TRA,RE,3,no
304,45,RY,1,8/21/2022,7:10,0:00:51,2,Tuerckheimii,T06,1,35,SF1,SF,100,0,0,0,0,0,0,3,si,7:53:42,7:53:51,0.000104167,9,RE,in,Troglodytidae,Campylorhynchus,zonatus,Campylorhynchus zonatus,PER,CSU,EPI,BUG,TRA,RE,3,no
305,47,RY,3,8/21/2022,7:10,0:08:38,2,Tuerckheimii,T06,1,35,SF1,SF,100,0,0,0,0,0,0,3,si,9:48:05,9:48:12,8.10E-05,7,RE,in,Tyrannidae,Empidonax,sp.,Empidonax sp.,AER,CSU,,BUG,SAL,RE,2,no
306,48,RY,3,8/21/2022,7:10,0:00:06,2,Tuerckheimii,T06,1,35,SF1,SF,100,0,0,0,0,0,0,3,si,9:48:18,9:49:30,0.000833333,72,RE,in,Troglodytidae,Campylorhynchus,zonatus,Campylorhynchus zonatus,PER,CSU,EPI,BUG,TRA,RE,1,no
307,29,RY,1,8/24/2022,7:11,0:00:25,1,elastica,E13,2,35,FI2,FI,10,10,60,20,0,0,4,0,si,7:30:04,7:30:13,0.000104167,9,RE,in,Tyrannidae,Megarynchus,pitangua,Megarynchus pitangua,PER,CSU,,FM,TRA,RE,6,no
308,34,RY,1,8/24/2022,7:11,0:00:37,1,elastica,E13,2,35,FI2,FI,10,10,60,20,0,0,4,0,si,7:37:25,7:37:31,6.94E-05,6,RE,in,Tyrannidae,Megarynchus,pitangua,Megarynchus pitangua,AER,CSU,,FM,SAL,RE,6,no
309,35,RY,1,8/24/2022,7:11,0:07:51,1,elastica,E13,2,35,FI2,FI,10,10,60,20,0,0,4,0,si,7:45:22,7:45:35,0.000150463,13,RE,in,Picidae,Melanerpes,aurifrons,Melanerpes aurifrons,PER,CIN,,FM,ESP,RE,7,no
310,35,RY,1,8/27/2022,7:11,0:09:14,3,Tuerckheimii,T15,0,55,FM1,FM,0,10,10,25,50,5,4,1,si,7:40:09,7:40:26,0.000196759,17,RE,in,Picidae,Melanerpes,aurifrons,Melanerpes aurifrons,PER,CSU,,FM,ESP,RE,2,no
311,36,RY,1,8/27/2022,7:11,0:02:38,3,Tuerckheimii,T15,0,55,FM1,FM,0,10,10,25,50,5,4,1,si,7:43:04,7:43:19,0.000173611,15,MI,in,Parulidae,Setophaga ,petechia,Setophaga  petechia,PER,CSU,,BUG,TRA,MI,1,no
312,38,RY,1,8/27/2022,7:11,0:03:56,3,Tuerckheimii,T15,0,55,FM1,FM,0,10,10,25,50,5,4,1,si,7:52:59,7:53:14,0.000173611,15,MI,in,Parulidae,Setophaga ,petechia,Setophaga  petechia,AER,CSU,,BUG,SAL,RE,1,no
313,39,RY,1,8/27/2022,7:11,0:04:59,3,Tuerckheimii,T15,0,55,FM1,FM,0,10,10,25,50,5,4,1,si,7:58:13,7:58:23,0.000115741,10,MI,in,Parulidae,Setophaga ,petechia,Setophaga  petechia,AER,CSU,,BUG,SAL,MI,1,no
314,30,RY,3,8/29/2022,7:12,1:42:01,1,elastica,E12,0,45,SF1,SF,60,30,15,5,0,0,3,3,si,9:12:14,9:12:20,6.94E-05,6,MI,in,Parulidae,Setophaga ,petechia,Setophaga  petechia,PER,CSU,,BUG,TRA,SA,0,no
315,34,RY,2,8/31/2022,7:12,0:20:40,2,Tuerckheimii,T12,2,45,FM1,FM,0,0,15,15,70,0,4,0,si,8:25:39,8:25:59,0.000231481,20,RE,in,Picidae,Melanerpes,formicivorus,Melanerpes formicivorus,PER,CME,,FM,ESP,RE,6,no
316,37,RY,3,8/31/2022,7:12,0:19:06,1,Tuerckheimii,T12,2,45,FM1,FM,0,0,15,15,70,0,4,0,si,9:41:16,9:41:25,0.000104167,9,RE,in,Tyrannidae,Pitangus,sulphuratus,Pitangus sulphuratus,AER,CSU,,BUG,SAL,RE,5,no
317,31,RY,1,5/9/2022,7:13,0:29:22,3,elastica,E15,2,45,SF1,SF,70,5,5,10,10,0,1,0,si,7:42:22,7:42:33,0.000127315,11,RE,in,Tyrannidae,Myiozetetes,similis,Myiozetetes similis,PER,CME,,FM,TRA,RE,3,no
318,32,RY,1,5/9/2022,7:13,0:00:50,3,elastica,E15,2,45,SF1,SF,70,5,5,10,10,0,1,0,si,7:43:23,7:43:35,0.000138889,12,RE,in,Picidae,Melanerpes,aurifrons,Melanerpes aurifrons,PER,CSU,,FM,ESP,RE,5,no
319,33,RY,1,5/9/2022,7:13,0:00:53,3,elastica,E15,2,45,SF1,SF,70,5,5,10,10,0,1,0,si,7:44:28,7:44:37,0.000104167,9,RE,in,Tyrannidae,Pitangus,sulphuratus,Pitangus sulphuratus,PER,CME,,FM,TRA,RE,6,no
320,34,RY,1,5/9/2022,7:13,0:00:23,3,elastica,E15,2,45,SF1,SF,70,5,5,10,10,0,1,0,si,7:45:00,7:45:09,0.000104167,9,RE,in,Tyrannidae,Empidonax,sp.,Empidonax sp.,AER,CSU,,BUG,SAL,RE,6,no
321,35,RY,1,5/9/2022,7:13,0:02:18,3,elastica,E15,2,45,SF1,SF,70,5,5,10,10,0,1,0,si,7:47:27,7:47:35,9.26E-05,8,RE,in,Tyrannidae,Tyrannus,melancholicus,Tyrannus melancholicus,PER,CIN,,FM,TRA,RE,8,no
322,36,RY,1,5/9/2022,7:13,0:01:54,3,elastica,E15,2,45,SF1,SF,70,5,5,10,10,0,1,0,si,7:49:29,7:49:38,0.000104167,9,RE,in,Tyrannidae,Myiozetetes,similis,Myiozetetes similis,AER,CSU,,FM,SAL,RE,8,no
323,39,RY,2,5/9/2022,7:13,0:22:38,3,elastica,E15,2,45,SF1,SF,70,5,5,10,10,0,1,0,si,8:13:09,8:13:14,5.79E-05,5,RE,in,Tyrannidae,Megarynchus,pitangua,Megarynchus pitangua,AER,CME,,FM,SAL,RE,5,no
324,40,RY,2,5/9/2022,7:13,0:05:16,3,elastica,E15,2,45,SF1,SF,70,5,5,10,10,0,1,0,si,8:18:30,8:18:36,6.94E-05,6,RE,in,Tyrannidae,Megarynchus,pitangua,Megarynchus pitangua,AER,CME,,FM,SAL,RE,3,no
325,41,RY,2,5/9/2022,7:13,0:04:44,3,elastica,E15,2,45,SF1,SF,70,5,5,10,10,0,1,0,si,8:23:20,8:23:28,9.26E-05,8,RE,in,Picidae,Melanerpes,aurifrons,Melanerpes aurifrons,PER,CIN,,FM,TRA,RE,6,no
326,42,RY,2,5/9/2022,7:13,0:35:35,3,elastica,E15,2,45,SF1,SF,70,5,5,10,10,0,1,0,si,8:59:03,8:59:19,0.000185185,16,RE,in,Tyrannidae,Tyrannus,melancholicus,Tyrannus melancholicus,AER,CIN,,FM,SAL,RE,4,no
327,34,RY,1,9/19/2022,7:16,0:36:35,3,Tuerckheimii,T10,0,55,FM2,FM,0,10,0,40,20,30,4,1,si,7:52:35,7:52:45,0.000115741,10,MI,in,Parulidae,Setophaga ,petechia,Setophaga  petechia,AER,CSU,,BUG,SAL,SA,0,no
328,38,RY,1,9/19/2022,7:16,0:01:51,3,Tuerckheimii,T10,0,55,FM2,FM,0,10,0,40,20,30,4,1,si,7:56:50,7:56:59,0.000104167,9,RE,in,Picidae,Melanerpes,aurifrons,Melanerpes aurifrons,PER,CSU,,FM,ESP,RE,4,no
329,39,RY,1,9/19/2022,7:16,0:14:41,3,Tuerckheimii,T10,0,55,FM2,FM,0,10,0,40,20,30,4,1,si,8:11:40,8:11:50,0.000115741,10,MI,in,Parulidae,Setophaga ,petechia,Setophaga  petechia,AER,CSU,,BUG,SAL,MI,2,no
330,40,RY,1,9/19/2022,7:16,0:00:05,3,Tuerckheimii,T10,0,55,FM2,FM,0,10,0,40,20,30,4,1,si,8:11:55,8:12:04,0.000104167,9,MI,in,Parulidae,Setophaga ,petechia,Setophaga  petechia,AER,CSU,,BUG,SAL,MI,2,no
331,41,RY,3,9/19/2022,7:16,1:25:22,3,Tuerckheimii,T10,0,55,FM2,FM,0,10,0,40,20,30,4,1,si,9:37:26,9:37:35,0.000104167,9,RE,in,Tyrannidae,Megarynchus,pitangua,Megarynchus pitangua,PER,CSU,,FM,TRA,RE,1,no
332,42,RY,3,9/19/2022,7:16,0:01:52,3,Tuerckheimii,T10,0,55,FM2,FM,0,10,0,40,20,30,4,1,si,9:39:27,9:39:34,8.10E-05,7,MI,in,Icteridae,Icterus,galbula,Icterus galbula,PER,CSU,,FM,ESP,RE,1,no
333,14,RY,1,9/21/2022,7:16,0:19:02,2,elastica,E08,0,35,FM1,FM,0,25,20,50,5,0,4,6,si,8:06:34,8:06:58,0.000277778,24,RE,in,Picidae,Melanerpes,aurifrons,Melanerpes aurifrons,PER,CME,,FM,ESP,SA,0,no
334,17,RY,3,9/21/2022,7:16,1:42:16,2,elastica,E08,0,35,FM1,FM,0,25,20,50,5,0,4,6,si,9:54:12,9:54:19,8.10E-05,7,RE,in,Tyrannidae,Myiozetetes,similis,Myiozetetes similis,AER,CSU,,FM,SAL,SA,0,no
335,39,RY,1,9/23/2022,7:17,0:23:19,2,elastica,E09,0,40,SF1,SF,60,40,0,0,0,0,2,0,si,7:40:19,7:40:30,0.000127315,11,RE,in,Tyrannidae,Myiozetetes,similis,Myiozetetes similis,AER,CSU,,FM,SAL,RE,2,no
336,40,RY,1,9/23/2022,7:17,0:01:13,2,elastica,E09,0,40,SF1,SF,60,40,0,0,0,0,2,0,si,7:41:43,7:41:55,0.000138889,12,RE,in,Tyrannidae,Myiozetetes,similis,Myiozetetes similis,AER,CSU,,FM,SAL,RE,2,no
337,41,RY,1,9/23/2022,7:17,0:00:36,2,elastica,E09,0,40,SF1,SF,60,40,0,0,0,0,2,0,si,7:42:31,7:42:40,0.000104167,9,RE,in,Tyrannidae,Myiozetetes,similis,Myiozetetes similis,AER,CSU,,FM,SAL,RE,2,no
338,42,RY,2,9/23/2022,7:17,0:41:41,2,elastica,E09,0,40,SF1,SF,60,40,0,0,0,0,2,0,si,8:24:21,8:24:32,0.000127315,11,MI,in,Icteridae,Icterus,galbula,Icterus galbula,PER,CSU,,FM,TRA,RE,2,no
339,43,RY,2,9/23/2022,7:17,0:02:39,2,elastica,E09,0,40,SF1,SF,60,40,0,0,0,0,2,0,si,8:27:11,8:27:25,0.000162037,14,MI,in,Icteridae,Icterus,galbula,Icterus galbula,PER,CSU,,FM,ESP,RE,2,no
340,44,RY,2,9/23/2022,7:17,0:40:49,2,elastica,E09,0,40,SF1,SF,60,40,0,0,0,0,2,0,si,9:08:14,9:08:32,0.000208333,18,RE,in,Picidae,Melanerpes,aurifrons,Melanerpes aurifrons,PER,CME,,FM,ESP,RE,3,no
341,21,RY,2,9/26/2022,7:17,1:33:35,1,elastica,E14,0,55,SF1,SF,70,0,0,30,0,0,1,0,si,9:11:53,9:11:59,6.94E-05,6,RE,in,Tyrannidae,Myiozetetes,similis,Myiozetetes similis,AER,CSU,,FM,SAL,RE,1,no
342,45,RY,1,9/27/2022,7:18,0:01:56,3,elastica,E06,0,35,SF1,SF,60,20,0,15,5,0,2,0,si,7:40:11,7:40:32,0.000243056,21,RE,in,Picidae,Melanerpes,aurifrons,Melanerpes aurifrons,PER,CSU,,FM,ESP,RE,3,no
343,49,RY,1,9/27/2022,7:18,0:00:21,2,elastica,E06,0,35,SF1,SF,60,20,0,15,5,0,2,0,si,7:51:57,7:52:05,9.26E-05,8,MI,in,Parulidae,Cardellina,pusilla,Cardellina pusilla,AER,CSU,,BUG,SAL,RE,5,no
344,50,RY,1,9/27/2022,7:18,0:08:43,2,elastica,E06,0,35,SF1,SF,60,20,0,15,5,0,2,0,si,8:00:48,8:01:08,0.000231481,20,RE,in,Picidae,Melanerpes,aurifrons,Melanerpes aurifrons,PER,CME,,FM,ESP,RE,8,no
345,51,RY,1,9/27/2022,7:18,0:12:54,2,elastica,E06,0,35,SF1,SF,60,20,0,15,5,0,2,0,si,8:14:02,8:14:09,8.10E-05,7,RE,in,Tyrannidae,Megarynchus,pitangua,Megarynchus pitangua,AER,CME,,FM,SAL,RE,4,no
346,16,RY,2,9/30/2022,7:18,0:30:08,2,elastica,E07,2,35,FM1,FM,20,30,0,50,0,0,4,3,si,8:19:05,8:19:13,9.26E-05,8,RE,in,Tyrannidae,Myiozetetes,similis,Myiozetetes similis,AER,CSU,,FM,SAL,SA,0,no
347,17,RY,2,9/30/2022,7:18,0:18:14,1,elastica,E07,2,35,FM1,FM,20,30,0,50,0,0,4,3,si,8:37:27,8:37:38,0.000127315,11,MI,in,Icteridae,Icterus,galbula,Icterus galbula,PER,CSU,,FM,TRA,RE,7,no
348,18,RY,2,9/30/2022,7:18,0:01:22,0,elastica,E07,2,35,FM1,FM,20,30,0,50,0,0,4,3,si,8:39:00,8:39:16,0.000185185,16,RE,in,Picidae,Melanerpes,aurifrons,Melanerpes aurifrons,PER,CSU,,FM,ESP,RE,4,no
349,20,RY,3,9/30/2022,7:18,0:20:55,0,elastica,E07,2,35,FM1,FM,20,30,0,50,0,0,4,3,si,9:36:04,9:36:13,0.000104167,9,RE,in,Tyrannidae,Pitangus,sulphuratus,Pitangus sulphuratus,AER,CSU,,FM,SAL,RE,5,no
350,23,RY,3,9/30/2022,7:18,0:14:51,2,elastica,E07,2,35,FM1,FM,20,30,0,50,0,0,4,3,si,10:02:04,10:02:21,0.000196759,17,MI,in,Icteridae,Icterus,galbula,Icterus galbula,PER,CSU,,FM,ESP,RE,5,no
351,66,RY,1,5/10/2022,7:19,0:01:39,2,Tuerckheimii,T13,0,65,FM2,FM,0,20,0,20,60,0,4,0,si,7:34:54,7:35:04,0.000115741,10,RE,in,Tyrannidae,Pitangus,sulphuratus,Pitangus sulphuratus,AER,CME,,FM,SAL,RE,3,no
352,67,RY,1,5/10/2022,7:19,0:00:49,2,Tuerckheimii,T13,0,65,FM2,FM,0,20,0,20,60,0,4,0,si,7:35:53,7:36:04,0.000127315,11,MI,in,Parulidae,Cardellina,pusilla,Cardellina pusilla,AER,CME,,BUG,SAL,RE,5,no
353,69,RY,1,5/10/2022,7:19,0:03:36,2,Tuerckheimii,T13,0,65,FM2,FM,0,20,0,20,60,0,4,0,si,7:40:11,7:40:24,0.000150463,13,MI,in,Icteridae,Icterus,galbula,Icterus galbula,PER,CME,,FM,ESP,RE,4,no
354,71,RY,1,5/10/2022,7:19,0:01:45,2,Tuerckheimii,T13,0,65,FM2,FM,0,20,0,20,60,0,4,0,si,7:43:19,7:43:31,0.000138889,12,MI,in,Parulidae,Cardellina,pusilla,Cardellina pusilla,AER,CSU,,BUG,SAL,RE,6,no
355,72,RY,1,5/10/2022,7:19,0:01:16,2,Tuerckheimii,T13,0,65,FM2,FM,0,20,0,20,60,0,4,0,si,7:44:47,7:46:00,0.000844907,73,MI,in,Icteridae,Icterus,galbula,Icterus galbula,PER,CSU,,FM,ESP,RE,6,no
356,74,RY,1,5/10/2022,7:19,0:02:09,2,Tuerckheimii,T13,0,65,FM2,FM,0,20,0,20,60,0,4,0,si,7:48:58,7:49:23,0.000289352,25,MI,in,Icteridae,Icterus,galbula,Icterus galbula,PER,CME,,FM,ESP,RE,7,no
357,75,RY,1,5/10/2022,7:19,0:11:17,2,Tuerckheimii,T13,0,65,FM2,FM,0,20,0,20,60,0,4,0,si,8:00:40,8:00:51,0.000127315,11,RE,in,Tyrannidae,Myiozetetes,similis,Myiozetetes similis,AER,CSU,,FM,SAL,RE,5,no
358,76,RY,1,5/10/2022,7:19,0:10:10,2,Tuerckheimii,T13,0,65,FM2,FM,0,20,0,20,60,0,4,0,si,8:11:01,8:11:10,0.000104167,9,MI,in,Parulidae,Setophaga ,petechia,Setophaga  petechia,AER,CSU,,BUG,SAL,RE,7,no
359,77,RY,1,5/10/2022,7:19,0:03:28,2,Tuerckheimii,T13,0,65,FM2,FM,0,20,0,20,60,0,4,0,si,8:14:38,8:15:04,0.000300926,26,RE,in,Picidae,Melanerpes,aurifrons,Melanerpes aurifrons,PER,CME,,FM,ESP,RE,11,no
360,80,RY,2,5/10/2022,7:19,0:29:52,2,Tuerckheimii,T13,0,65,FM2,FM,0,20,0,20,60,0,4,0,si,8:46:27,8:46:44,0.000196759,17,MI,in,Icteridae,Icterus,galbula,Icterus galbula,PER,CME,,FM,ESP,RE,6,no
361,85,RY,3,5/10/2022,7:19,0:15:11,3,Tuerckheimii,T13,0,65,FM2,FM,0,20,0,20,60,0,4,0,si,10:14:56,10:15:07,0.000127315,11,RE,in,Tyrannidae,Megarynchus,pitangua,Megarynchus pitangua,AER,CSU,,FM,SAL,RE,6,no
362,11,RY,1,7/10/2022,7:20,0:45:58,1,elastica,E02,0,35,FM1,FM,35,10,0,50,5,0,3,0,si,8:05:58,8:06:13,0.000173611,15,MI,in,Parulidae,Mniotilta,varia,Mniotilta varia,AER,CME,,BUG,SAL,SA,0,si
363,12,RY,2,7/10/2022,7:20,0:49:45,1,elastica,E02,0,35,FM1,FM,35,10,0,50,5,0,3,0,si,8:55:58,8:56:09,0.000127315,11,RE,in,Tyrannidae,Myiozetetes,similis,Myiozetetes similis,AER,CME,,FM,SAL,RE,2,si
364,13,RY,2,7/10/2022,7:20,0:00:45,1,elastica,E02,0,35,FM1,FM,35,10,0,50,5,0,3,0,si,8:56:54,8:57:03,0.000104167,9,RE,in,Tyrannidae,Myiozetetes,similis,Myiozetetes similis,AER,CSU,,FM,SAL,RE,1,si
365,15,RY,2,7/10/2022,7:20,0:10:34,0,elastica,E02,0,35,FM1,FM,35,10,0,50,5,0,3,0,si,9:10:52,9:11:06,0.000162037,14,MI,in,Parulidae,Cardellina,pusilla,Cardellina pusilla,AER,CSU,,BUG,SAL,SA,0,si
366,16,RY,3,7/10/2022,7:20,0:47:13,0,elastica,E02,0,35,FM1,FM,35,10,0,50,5,0,3,0,si,9:58:19,9:58:33,0.000162037,14,RE,in,Tyrannidae,Megarynchus,pitangua,Megarynchus pitangua,AER,CME,,FM,SAL,RE,1,si
367,17,RY,3,7/10/2022,7:20,0:17:55,0,elastica,E02,0,35,FM1,FM,35,10,0,50,5,0,3,0,si,10:16:28,10:16:47,0.000219907,19,RE,in,Picidae,Melanerpes,aurifrons,Melanerpes aurifrons,PER,CME,,FM,ESP,RE,1,si
368,43,RY,1,10/17/2022,7:23,0:30:11,3,elastica,E13,2,25,FM1,FM,30,10,0,60,0,0,3,0,si,7:53:11,7:53:19,9.26E-05,8,RE,in,Tyrannidae,Tyrannus,melancholicus,Tyrannus melancholicus,AER,CSU,,BUG,SAL,SA,0,no
369,48,RY,1,10/17/2022,7:23,0:01:13,3,elastica,E13,2,25,FM1,FM,30,10,0,60,0,0,3,0,si,8:01:57,8:02:07,0.000115741,10,RE,in,Tyrannidae,Myiozetetes,similis,Myiozetetes similis,AER,CSU,,FM,SAL,RE,10,no
370,50,RY,1,10/17/2022,7:23,0:04:43,3,elastica,E13,2,25,FM1,FM,30,10,0,60,0,0,3,0,si,8:07:44,8:07:52,9.26E-05,8,RE,in,Tyrannidae,Myiozetetes,similis,Myiozetetes similis,AER,CME,,FM,SAL,RE,9,no
371,54,RY,2,10/17/2022,7:23,0:13:38,2,elastica,E13,2,25,FM1,FM,30,10,0,60,0,0,3,0,si,8:38:28,8:38:48,0.000231481,20,RE,in,Picidae,Melanerpes,aurifrons,Melanerpes aurifrons,PER,CSU,,FM,ESP,RE,5,no
372,55,RY,2,10/17/2022,7:23,0:24:48,2,elastica,E13,2,25,FM1,FM,30,10,0,60,0,0,3,0,si,9:03:36,9:03:55,0.000219907,19,RE,in,Picidae,Melanerpes,aurifrons,Melanerpes aurifrons,PER,CSU,,FM,ESP,SA,0,no
373,31,RY,1,12/29/2022,7:01,0:43:55,2,elastica,E12,0,45,FM1,FM,25,25,0,50,0,0,3,4,si,7:44:55,7:45:08,0.000150463,13,MI,in,Parulidae,Cardellina,pusilla,Cardellina pusilla,AER,CSU,,BUG,SAL,,0,no
374,32,RY,1,12/29/2022,7:01,0:01:57,2,elastica,E12,0,45,FM1,FM,25,25,0,50,0,0,3,4,si,7:47:05,7:47:12,8.10E-05,7,MI,in,Polioptilidae,Polioptila,caerulea,Polioptila caerulea,AER,CSU,,BUG,SAL,SA,0,no
375,39,RY,1,12/29/2022,7:01,0:00:31,2,elastica,E12,0,45,FM1,FM,25,25,0,50,0,0,3,4,si,7:54:10,7:54:21,0.000127315,11,RE,in,Troglodytidae,Campylorhynchus,zonatus,Campylorhynchus zonatus,PER,CME,,BUG,TRA,RE,7,no
376,40,RY,1,12/29/2022,7:01,0:00:26,2,elastica,E12,0,45,FM1,FM,25,25,0,50,0,0,3,4,si,7:54:47,7:55:00,0.000150463,13,RE,in,Troglodytidae,Campylorhynchus,zonatus,Campylorhynchus zonatus,PER,CME,,BUG,TRA,RE,8,no
377,41,RY,1,12/29/2022,7:01,0:00:29,2,elastica,E12,0,45,FM1,FM,25,25,0,50,0,0,3,4,si,7:55:29,7:55:35,6.94E-05,6,MI,in,Parulidae,Cardellina,pusilla,Cardellina pusilla,AER,CIN,,BUG,SAL,RE,9,no
378,42,RY,1,12/29/2022,7:01,0:00:18,2,elastica,E12,0,45,FM1,FM,25,25,0,50,0,0,3,4,si,7:55:53,7:56:20,0.0003125,27,RE,in,Picidae,Melanerpes,aurifrons,Melanerpes aurifrons,PER,CIN,,FM,ESP,RE,10,no
379,43,RY,1,12/29/2022,7:01,0:01:31,2,elastica,E12,0,45,FM1,FM,25,25,0,50,0,0,3,4,si,7:57:51,7:58:02,0.000127315,11,MI,in,Icteridae,Icterus,galbula,Icterus galbula,PER,CME,,FM,TRA,RE,9,no
380,46,RY,2,12/29/2022,7:01,0:22:44,2,elastica,E12,0,45,FM1,FM,25,25,0,50,0,0,3,4,si,8:23:13,8:23:22,0.000104167,9,MI,in,Parulidae,Setophaga ,virens,Setophaga  virens,AER,CME,,BUG,SAL,RE,1,no
381,48,RY,4,12/29/2022,7:01,1:56:11,2,elastica,E12,0,45,FM1,FM,25,25,0,50,0,0,3,4,si,10:20:02,10:20:11,0.000104167,9,RE,in,Tyrannidae,Pitangus,sulphuratus,Pitangus sulphuratus,AER,CIN,,FM,SAL,SA,0,no
382,86,RY,1,12/30/2022,7:01,0:24:42,3,Tuerckheimii,T13,1,55,SF1,SF,80,0,0,0,0,20,1,0,si,7:25:42,7:25:54,0.000138889,12,MI,in,Parulidae,Cardellina,pusilla,Cardellina pusilla,AER,CSU,,BUG,SAL,SA,0,no
383,89,RY,2,12/30/2022,7:01,1:02:16,3,Tuerckheimii,T13,1,55,SF1,SF,80,0,0,0,0,20,1,0,si,8:48:55,8:49:08,0.000150463,13,MI,in,Parulidae,Setophaga ,virens,Setophaga  virens,AER,CME,,BUG,SAL,MI,1,no
384,90,RY,2,12/30/2022,7:01,0:00:09,3,Tuerckheimii,T13,1,55,SF1,SF,80,0,0,0,0,20,1,0,si,8:49:17,8:49:27,0.000115741,10,MI,in,Parulidae,Cardellina,pusilla,Cardellina pusilla,AER,CSU,,BUG,SAL,MI,1,no
385,91,RY,3,12/30/2022,7:01,0:53:51,3,Tuerckheimii,T13,1,55,SF1,SF,80,0,0,0,0,20,1,0,si,9:43:18,9:43:29,0.000127315,11,MI,in,Polioptilidae,Polioptila,caerulea,Polioptila caerulea,AER,CIN,,BUG,SAL,MI,1,no
386,22,RY,1,10/1/2023,7:04,0:01:01,3,Tuerckheimii,T01,1,35,FM1,FM,40,10,0,30,20,0,2,0,si,7:28:43,7:28:52,0.000104167,9,MI,in,Parulidae,Cardellina,pusilla,Cardellina pusilla,AER,CME,,BUG,SAL,RE,2,no
387,26,RY,1,10/1/2023,7:04,0:00:44,3,Tuerckheimii,T01,1,35,FM1,FM,40,10,0,30,20,0,2,0,si,7:32:26,7:32:38,0.000138889,12,MI,in,Icteridae,Icterus,galbula,Icterus galbula,PER,CSU,,FM,ESP,RE,4,no
388,33,RY,1,10/1/2023,7:04,0:00:05,3,Tuerckheimii,T01,1,35,FM1,FM,40,10,0,30,20,0,2,0,si,7:45:49,7:46:10,0.000243056,21,RE,in,Picidae,Melanerpes,aurifrons,Melanerpes aurifrons,PER,CSU,,FM,ESP,RE,14,no
389,34,RY,1,10/1/2023,7:04,0:10:17,3,Tuerckheimii,T01,1,35,FM1,FM,40,10,0,30,20,0,2,0,si,7:56:27,7:56:44,0.000196759,17,RE,in,Mimidae,Dumetella,carolinensis,Dumetella carolinensis,PER,CME,,FM,ESP,RE,10,no
390,35,RY,1,10/1/2023,7:04,0:00:13,3,Tuerckheimii,T01,1,35,FM1,FM,40,10,0,30,20,0,2,0,si,7:56:57,7:57:04,8.10E-05,7,MI,in,Parulidae,Setophaga ,virens,Setophaga  virens,AER,CSU,,BUG,SAL,RE,16,no
391,37,RY,1,10/1/2023,7:04,0:00:13,3,Tuerckheimii,T01,1,35,FM1,FM,40,10,0,30,20,0,2,0,si,7:57:37,7:57:57,0.000231481,20,RE,in,Picidae,Melanerpes,aurifrons,Melanerpes aurifrons,PER,CME,,FM,ESP,RE,13,no
392,43,RY,1,10/1/2023,7:04,0:02:22,3,Tuerckheimii,T01,1,35,FM1,FM,40,10,0,30,20,0,2,0,si,8:02:50,8:02:57,8.10E-05,7,RE,in,Troglodytidae,Campylorhynchus,zonatus,Campylorhynchus zonatus,PER,CME,EPI,BUG,TRA,RE,6,no
393,51,RY,2,10/1/2023,7:04,0:00:15,3,Tuerckheimii,T01,1,35,FM1,FM,40,10,0,30,20,0,2,0,si,8:06:23,8:06:39,0.000185185,16,RE,in,Picidae,Melanerpes,aurifrons,Melanerpes aurifrons,PER,CME,,FM,ESP,RE,6,no
394,52,RY,2,10/1/2023,7:04,0:00:08,3,Tuerckheimii,T01,1,35,FM1,FM,40,10,0,30,20,0,2,0,si,8:06:47,8:06:58,0.000127315,11,RE,in,Picidae,Melanerpes,aurifrons,Melanerpes aurifrons,PER,CSU,,FM,ESP,RE,6,no
395,53,RY,2,10/1/2023,7:04,0:00:06,3,Tuerckheimii,T01,1,35,FM1,FM,40,10,0,30,20,0,2,0,si,8:07:04,8:07:27,0.000266204,23,RE,in,Picidae,Melanerpes,aurifrons,Melanerpes aurifrons,PER,CME,,FM,ESP,RE,6,no
396,56,RY,2,10/1/2023,7:04,0:00:05,3,Tuerckheimii,T01,1,35,FM1,FM,40,10,0,30,20,0,2,0,si,8:08:53,8:09:04,0.000127315,11,MI,in,Icteridae,Icterus,galbula,Icterus galbula,PER,CSU,,FM,ESP,RE,4,no
397,58,RY,2,10/1/2023,7:04,0:02:02,3,Tuerckheimii,T01,1,35,FM1,FM,40,10,0,30,20,0,2,0,si,8:11:32,8:11:49,0.000196759,17,MI,in,Icteridae,Icterus,galbula,Icterus galbula,PER,CSU,,FM,ESP,RE,7,no
398,60,RY,2,10/1/2023,7:04,0:01:25,3,Tuerckheimii,T01,1,35,FM1,FM,40,10,0,30,20,0,2,0,si,8:17:37,8:17:47,0.000115741,10,RE,in,Tyrannidae,Myiozetetes,similis,Myiozetetes similis,AER,CSU,,FM,SAL,RE,5,no
399,61,RY,2,10/1/2023,7:04,0:23:42,3,Tuerckheimii,T01,1,35,FM1,FM,40,10,0,30,20,0,2,0,si,8:41:29,8:41:39,0.000115741,10,RE,in,Tyrannidae,Megarynchus,pitangua,Megarynchus pitangua,AER,CME,,FM,SAL,RE,4,no
400,62,RY,2,10/1/2023,7:04,0:15:44,3,Tuerckheimii,T01,1,35,FM1,FM,40,10,0,30,20,0,2,0,si,8:57:23,8:57:33,0.000115741,10,MI,in,Polioptilidae,Polioptila,caerulea,Polioptila caerulea,AER,CIN,,BUG,SAL,RE,5,no
401,63,RY,2,10/1/2023,7:04,0:00:10,3,Tuerckheimii,T01,1,35,FM1,FM,40,10,0,30,20,0,2,0,si,8:57:43,8:57:55,0.000138889,12,RE,in,Troglodytidae,Campylorhynchus,zonatus,Campylorhynchus zonatus,PER,CME,EPI,BUG,TRA,RE,4,no
402,64,RY,2,10/1/2023,7:04,0:00:12,3,Tuerckheimii,T01,1,35,FM1,FM,40,10,0,30,20,0,2,0,si,8:58:07,8:58:19,0.000138889,12,RE,in,Tyrannidae,Megarynchus,pitangua,Megarynchus pitangua,AER,CME,,FM,SAL,RE,5,no
403,67,RY,4,10/1/2023,7:04,0:00:19,3,Tuerckheimii,T01,1,35,FM1,FM,40,10,0,30,20,0,2,0,si,10:38:09,10:38:17,9.26E-05,8,RE,in,Tyrannidae,Pitangus,sulphuratus,Pitangus sulphuratus,AER,CSU,,FM,SAL,RE,7,no
404,68,RY,4,10/1/2023,7:04,0:03:35,3,Tuerckheimii,T01,1,35,FM1,FM,40,10,0,30,20,0,2,0,si,10:41:52,10:42:00,9.26E-05,8,RE,in,Tyrannidae,Pitangus,sulphuratus,Pitangus sulphuratus,AER,CME,,FM,SAL,RE,6,no
405,9,RY,2,11/1/2023,7:04,0:08:44,0,Tuerckheimii,T11,0,15,SF2,SF,100,0,0,0,0,0,0,2,si,8:43:51,8:44:03,0.000138889,12,MI,in,Parulidae,Cardellina,pusilla,Cardellina pusilla,AER,CIN,,BUG,SAL,SA,0,si
406,10,RY,3,11/1/2023,7:04,0:40:06,0,Tuerckheimii,T11,0,15,SF2,SF,100,0,0,0,0,0,0,2,si,9:24:09,9:24:23,0.000162037,14,MI,in,Vireonidae,Vireo,solitarius,Vireo solitarius,AER,CSU,,BUG,SAL,MI,1,si
407,25,RY,1,1/17/2023,7:05,0:14:17,1,elastica,E07,1,25,SF1,SF,80,15,0,0,5,0,1,2,si,7:19:17,7:19:33,0.000185185,16,RE,in,Picidae,Melanerpes,aurifrons,Melanerpes aurifrons,PER,CSU,,BUG,TRA,SA,0,no
408,31,RY,1,1/17/2023,7:05,0:02:14,1,elastica,E07,1,25,SF1,SF,80,15,0,0,5,0,1,2,si,7:27:33,7:27:45,0.000138889,12,RE,in,Picidae,Melanerpes,aurifrons,Melanerpes aurifrons,PER,CSU,,FM,ESP,RE,7,no
409,32,RY,1,1/17/2023,7:05,0:00:40,1,elastica,E07,1,25,SF1,SF,80,15,0,0,5,0,1,2,si,7:28:25,7:28:33,9.26E-05,8,RE,in,Tyrannidae,Myiozetetes,similis,Myiozetetes similis,AER,CSU,,FM,SAL,RE,7,no
410,33,RY,1,1/17/2023,7:05,0:18:41,1,elastica,E07,1,25,SF1,SF,80,15,0,0,5,0,1,2,si,7:47:14,7:47:23,0.000104167,9,RE,in,Tyrannidae,Megarynchus,pitangua,Megarynchus pitangua,AER,CSU,,FM,SAL,RE,2,no
411,34,RY,1,1/17/2023,7:05,0:00:10,1,elastica,E07,1,25,SF1,SF,80,15,0,0,5,0,1,2,si,7:47:33,7:47:43,0.000115741,10,MI,in,Parulidae,Cardellina,pusilla,Cardellina pusilla,AER,CSU,,BUG,SAL,RE,2,no
412,35,RY,1,1/17/2023,7:05,0:00:09,1,elastica,E07,1,25,SF1,SF,80,15,0,0,5,0,1,2,si,7:47:52,7:47:59,8.10E-05,7,RE,in,Tyrannidae,Myiozetetes,similis,Myiozetetes similis,AER,CSU,,FM,SAL,RE,2,no
413,39,RY,2,1/17/2023,7:05,0:03:12,1,elastica,E07,1,25,SF1,SF,80,15,0,0,5,0,1,2,si,8:07:23,8:07:29,6.94E-05,6,MI,in,Parulidae,Setophaga ,virens,Setophaga  virens,AER,CME,,BUG,SAL,RE,2,no
414,60,RY,1,1/29/2023,7:03,0:02:34,3,Tuerckheimii,T03,1,15,FM1,FM,20,10,0,20,50,0,4,1,si,7:19:06,7:19:23,0.000196759,17,MI,in,Parulidae,Setophaga ,virens,Setophaga  virens,AER,CME,,BUG,SAL,SA,0,si
415,62,RY,1,1/29/2023,7:03,0:00:34,2,Tuerckheimii,T03,1,15,FM1,FM,20,10,0,20,50,0,4,1,si,7:22:28,7:22:39,0.000127315,11,MI,in,Parulidae,Cardellina,pusilla,Cardellina pusilla,AER,CSU,,BUG,SAL,MI,1,si
416,65,RY,1,1/29/2023,7:03,0:00:36,2,Tuerckheimii,T03,1,15,FM1,FM,20,10,0,20,50,0,4,1,si,7:27:32,7:27:44,0.000138889,12,MI,in,Parulidae,Setophaga ,virens,Setophaga  virens,AER,CSU,,BUG,SAL,RE,7,si
417,69,RY,1,1/29/2023,7:03,0:01:28,2,Tuerckheimii,T03,1,15,FM1,FM,20,10,0,20,50,0,4,1,si,7:32:51,7:33:04,0.000150463,13,MI,in,Parulidae,Cardellina,pusilla,Cardellina pusilla,AER,CIN,,BUG,SAL,RE,18,si
418,71,RY,1,1/29/2023,7:03,0:04:21,2,Tuerckheimii,T03,1,15,FM1,FM,20,10,0,20,50,0,4,1,si,7:38:25,7:38:31,6.94E-05,6,MI,in,Parulidae,Leiothlypis,celata,Leiothlypis celata,AER,CME,,BUG,SAL,RE,12,si
419,73,RY,1,1/29/2023,7:03,0:00:11,2,Tuerckheimii,T03,1,15,FM1,FM,20,10,0,20,50,0,4,1,si,7:41:03,7:41:17,0.000162037,14,RE,in,Tyrannidae,Megarynchus,pitangua,Megarynchus pitangua,PER,CSU,,FM,TRA,RE,11,si
420,74,RY,1,1/29/2023,7:03,0:01:57,2,Tuerckheimii,T03,1,15,FM1,FM,20,10,0,20,50,0,4,1,si,7:43:14,7:43:32,0.000208333,18,RE,in,Tyrannidae,Megarynchus,pitangua,Megarynchus pitangua,PER,CSU,,FM,TRA,RE,11,si
421,75,RY,1,1/29/2023,7:03,0:00:11,2,Tuerckheimii,T03,1,15,FM1,FM,20,10,0,20,50,0,4,1,si,7:43:43,7:43:53,0.000115741,10,RE,in,Tyrannidae,Megarynchus,pitangua,Megarynchus pitangua,PER,CSU,,FM,TRA,RE,16,si
422,76,RY,1,1/29/2023,7:03,0:00:41,2,Tuerckheimii,T03,1,15,FM1,FM,20,10,0,20,50,0,4,1,si,7:44:34,7:44:55,0.000243056,21,RE,in,Picidae,Melanerpes,aurifrons,Melanerpes aurifrons,PER,CSU,,FM,ESP,RE,20,si
423,77,RY,1,1/29/2023,7:03,0:00:08,2,Tuerckheimii,T03,1,15,FM1,FM,20,10,0,20,50,0,4,1,si,7:45:03,7:45:20,0.000196759,17,RE,in,Picidae,Melanerpes,aurifrons,Melanerpes aurifrons,PER,CSU,,FM,ESP,RE,18,si
424,78,RY,1,1/29/2023,7:03,0:00:24,2,Tuerckheimii,T03,1,15,FM1,FM,20,10,0,20,50,0,4,1,si,7:45:44,7:45:56,0.000138889,12,RE,in,Picidae,Melanerpes,aurifrons,Melanerpes aurifrons,PER,CSU,,FM,ESP,RE,20,si
425,79,RY,1,1/29/2023,7:03,0:00:11,2,Tuerckheimii,T03,1,15,FM1,FM,20,10,0,20,50,0,4,1,si,7:46:07,7:46:23,0.000185185,16,RE,in,Picidae,Melanerpes,formicivorus,Melanerpes formicivorus,PER,CSU,,FM,ESP,RE,20,si
426,81,RY,1,1/29/2023,7:03,0:04:32,2,Tuerckheimii,T03,1,15,FM1,FM,20,10,0,20,50,0,4,1,si,7:54:40,7:54:54,0.000162037,14,MI,in,Parulidae,Mniotilta,varia,Mniotilta varia,AER,CME,,BUG,SAL,RE,19,si
427,84,RY,2,1/29/2023,7:03,0:08:33,3,Tuerckheimii,T03,1,15,FM1,FM,20,10,0,20,50,0,4,1,si,8:28:12,8:28:29,0.000196759,17,MI,in,Icteridae,Icterus,galbula,Icterus galbula,PER,CME,,FM,ESP,RE,21,si
428,87,RY,3,1/29/2023,7:03,0:03:00,3,Tuerckheimii,T03,1,15,FM1,FM,20,10,0,20,50,0,4,1,si,9:22:34,9:22:47,0.000150463,13,MI,in,Vireonidae,Vireo,solitarius,Vireo solitarius,AER,CME,,BUG,SAL,RE,21,si
429,29,RY,1,1/30/2023,7:03,0:00:15,0,elastica,E05,1,45,FM1,FM,20,30,0,50,0,0,4,2,si,7:23:14,7:23:25,0.000127315,11,MI,in,Parulidae,Setophaga ,virens,Setophaga  virens,AER,CIN,,BUG,SAL,RE,16,no
430,34,RY,1,1/30/2023,7:03,0:00:10,0,elastica,E05,1,45,FM1,FM,20,30,0,50,0,0,4,2,si,7:26:24,7:26:41,0.000196759,17,RE,in,Mimidae,Dumetella,carolinensis,Dumetella carolinensis,PER,CSU,,BUG,TRA,RE,20,no
431,35,RY,1,1/30/2023,7:03,0:00:06,0,elastica,E05,1,45,FM1,FM,20,30,0,50,0,0,4,2,si,7:26:47,7:26:59,0.000138889,12,MI,in,Parulidae,Cardellina,pusilla,Cardellina pusilla,AER,CSU,,BUG,SAL,RE,20,no
432,39,RY,1,1/30/2023,7:03,0:00:11,0,elastica,E05,1,45,FM1,FM,20,30,0,50,0,0,4,2,si,7:28:34,7:28:42,9.26E-05,8,RE,in,Tyrannidae,Myiozetetes,similis,Myiozetetes similis,AER,CSU,,FM,SAL,RE,11,no
433,48,RY,1,1/30/2023,7:03,0:01:47,0,elastica,E05,1,45,FM1,FM,20,30,0,50,0,0,4,2,si,7:39:59,7:40:11,0.000138889,12,RE,in,Tyrannidae,Myiozetetes,similis,Myiozetetes similis,AER,CSU,,FM,SAL,RE,9,no
434,49,RY,1,1/30/2023,7:03,0:00:31,0,elastica,E05,1,45,FM1,FM,20,30,0,50,0,0,4,2,si,7:40:42,7:40:47,5.79E-05,5,MI,in,Vireonidae,Vireo,solitarius,Vireo solitarius,AER,CIN,,BUG,SAL,RE,9,no
435,50,RY,1,1/30/2023,7:03,0:05:30,0,elastica,E05,1,45,FM1,FM,20,30,0,50,0,0,4,2,si,7:46:17,7:46:35,0.000208333,18,MI,in,Icteridae,Icterus,galbula,Icterus galbula,PER,CIN,,FM,ESP,RE,11,no
436,51,RY,1,1/30/2023,7:03,0:01:00,0,elastica,E05,1,45,FM1,FM,20,30,0,50,0,0,4,2,si,7:47:35,7:47:51,0.000185185,16,RE,in,Mimidae,Dumetella,carolinensis,Dumetella carolinensis,PER,CIN,,BUG,TRA,RE,11,no
437,52,RY,2,1/30/2023,7:03,0:19:27,0,elastica,E05,1,45,FM1,FM,20,30,0,50,0,0,4,2,si,8:07:18,8:07:28,0.000115741,10,RE,in,Tyrannidae,Megarynchus,pitangua,Megarynchus pitangua,AER,CIN,,FM,SAL,RE,7,no
438,53,RY,2,1/30/2023,7:03,0:03:31,0,elastica,E05,1,45,FM1,FM,20,30,0,50,0,0,4,2,si,8:10:59,8:11:14,0.000173611,15,RE,in,Tyrannidae,Megarynchus,pitangua,Megarynchus pitangua,AER,CIN,,FM,SAL,RE,13,no
439,54,RY,3,1/30/2023,7:03,1:35:53,0,elastica,E05,1,45,FM1,FM,20,30,0,50,0,0,4,2,si,9:47:07,9:47:19,0.000138889,12,RE,in,Tyrannidae,Pitangus,sulphuratus,Pitangus sulphuratus,AER,CSU,,FM,SAL,RE,3,no
440,55,RY,3,1/30/2023,7:03,0:00:16,0,elastica,E05,1,45,FM1,FM,20,30,0,50,0,0,4,2,si,9:47:35,9:47:42,8.10E-05,7,MI,in,Icteridae,Icterus,galbula,Icterus galbula,PER,CME,,FM,ESP,RE,3,no
441,46,RY,1,1/31/2023,7:03,0:03:01,0,Tuerckheimii,T09,1,35,SF1,SF,55,30,0,10,5,0,2,2,si,7:29:16,7:29:28,0.000138889,12,MI,in,Parulidae,Setophaga ,virens,Setophaga  virens,AER,CME,,BUG,SAL,SA,0,no
442,48,RY,1,1/31/2023,7:03,0:01:59,0,Tuerckheimii,T09,1,35,SF1,SF,55,30,0,10,5,0,2,2,si,7:37:40,7:37:51,0.000127315,11,RE,in,Troglodytidae,Campylorhynchus,zonatus,Campylorhynchus zonatus,PER,CSU,EPI,BUG,TRA,RE,6,no
443,49,RY,1,1/31/2023,7:03,0:00:45,0,Tuerckheimii,T09,1,35,SF1,SF,55,30,0,10,5,0,2,2,si,7:38:36,7:38:49,0.000150463,13,MI,in,Vireonidae,Vireo,solitarius,Vireo solitarius,AER,CSU,,BUG,SAL,RE,3,no
444,50,RY,1,1/31/2023,7:03,0:03:03,0,Tuerckheimii,T09,1,35,SF1,SF,55,30,0,10,5,0,2,2,si,7:41:52,7:42:04,0.000138889,12,MI,in,Parulidae,Cardellina,pusilla,Cardellina pusilla,AER,CIN,,BUG,SAL,MI,1,no
445,56,RY,2,1/31/2023,7:03,0:13:45,0,Tuerckheimii,T09,1,35,SF1,SF,55,30,0,10,5,0,2,2,si,8:54:04,8:54:15,0.000127315,11,MI,in,Parulidae,Setophaga,dominica,Setophaga dominica,AER,CSU,,BUG,SAL,RE,7,no
446,59,RY,2,1/31/2023,7:03,0:00:11,0,Tuerckheimii,T09,1,35,SF1,SF,55,30,0,10,5,0,2,2,si,8:57:04,8:57:20,0.000185185,16,RE,in,Picidae,Melanerpes,formicivorus,Melanerpes formicivorus,PER,CIN,,FM,ESP,RE,12,no
447,61,RY,2,1/31/2023,7:03,0:02:00,0,Tuerckheimii,T09,1,35,SF1,SF,55,30,0,10,5,0,2,2,si,8:59:46,9:00:04,0.000208333,18,MI,in,Icteridae,Icterus,galbula,Icterus galbula,PER,CSU,,FM,ESP,RE,13,no
448,63,RY,3,1/31/2023,7:03,0:05:25,0,Tuerckheimii,T09,1,35,SF1,SF,55,30,0,10,5,0,2,2,si,9:08:12,9:08:23,0.000127315,11,RE,in,Tyrannidae,Megarynchus,pitangua,Megarynchus pitangua,AER,CSU,,FM,SAL,RE,11,no
449,20,RY,1,2/22/2023,6:52,0:06:24,0,Tuerckheimii,T08,1,25,SF1,SF,70,10,0,0,5,15,2,1,si,6:58:24,6:58:41,0.000196759,17,MI,in,Icteridae,Icterus,galbula,Icterus galbula,PER,CSU,,FM,ESP,RE,4,no
450,24,RY,1,2/22/2023,6:52,0:00:34,0,Tuerckheimii,T08,1,25,SF1,SF,70,10,0,0,5,15,2,1,si,7:02:58,7:03:09,0.000127315,11,RE,in,Picidae,Melanerpes,aurifrons,Melanerpes aurifrons,PER,CME,,FM,ESP,RE,7,no
451,21,RY,2,11/4/2023,6:13,0:34:07,3,Tuerckheimii,T05,1,35,FI1,FI,10,90,0,0,0,0,4,2,si,7:35:01,7:35:11,0.000115741,10,RE,in,Troglodytidae,Campylorhynchus,zonatus,Campylorhynchus zonatus,PER,CME,EPI,BUG,TRA,RE,2,no
452,22,RY,2,11/4/2023,6:13,0:00:13,3,Tuerckheimii,T05,1,35,FI1,FI,10,90,0,0,0,0,4,2,si,7:35:24,7:35:35,0.000127315,11,RE,in,Troglodytidae,Campylorhynchus,zonatus,Campylorhynchus zonatus,PER,CSU,EPI,BUG,TRA,RE,2,no
453,11,RY,1,4/14/2023,6:11,0:37:12,1,Tuerckheimii,T11,0,35,FI2,FI,0,100,0,0,0,0,4,4,si,6:48:12,6:48:24,0.000138889,12,MI,in,Parulidae,Cardellina,pusilla,Cardellina pusilla,AER,CSU,,BUG,SAL,MI,1,si
454,12,RY,1,4/14/2023,6:11,0:02:45,1,Tuerckheimii,T11,0,35,FI2,FI,0,100,0,0,0,0,4,4,si,6:51:09,6:51:17,9.26E-05,8,MI,in,Parulidae,Cardellina,pusilla,Cardellina pusilla,AER,CSU,,BUG,SAL,MI,1,si
455,13,RY,1,4/14/2023,6:11,0:10:47,0,Tuerckheimii,T11,0,35,FI2,FI,0,100,0,0,0,0,4,4,si,7:02:04,7:02:15,0.000127315,11,MI,in,Vireonidae,Vireo,solitarius,Vireo solitarius,AER,CSU,,BUG,SAL,SA,0,si
456,15,RY,2,4/14/2023,6:11,0:41:30,0,Tuerckheimii,T11,0,35,FI2,FI,0,100,0,0,0,0,4,4,si,8:11:16,8:11:34,0.000208333,18,RE,in,Picidae,Melanerpes,aurifrons,Melanerpes aurifrons,PER,CME,,BUG,TRA,SA,0,si
